{
  "evaluation_parameters": {},
  "meta": {
    "active_batch_definition": {
      "batch_identifiers": {},
      "data_asset_name": "vreme.csv",
      "data_connector_name": "csv_raw_files",
      "datasource_name": "IIS"
    },
    "batch_markers": {
      "ge_load_time": "20240430T181530.235418Z",
      "pandas_data_fingerprint": "6ee3cb61ade6e41c11d5b6d05e4fc0e9"
    },
    "batch_spec": {
      "path": "C:\\Users\\mitja\\Desktop\\in\u017einirstvo\\Druga\\great_expectations\\..\\data\\raw\\vreme.csv"
    },
    "checkpoint_id": null,
    "checkpoint_name": "vreme_check",
    "expectation_suite_name": "vreme_suite",
    "great_expectations_version": "0.18.13",
    "run_id": {
      "run_name": "20240430-181530-my-run-name-template",
      "run_time": "2024-04-30T20:15:30.229417+02:00"
    },
    "validation_id": null,
    "validation_time": "20240430T181530.242933Z"
  },
  "results": [
    {
      "exception_info": {
        "exception_message": null,
        "exception_traceback": null,
        "raised_exception": false
      },
      "expectation_config": {
        "expectation_type": "expect_table_row_count_to_be_between",
        "kwargs": {
          "batch_id": "ab017986cdf751186b0584ba80e241d4",
          "max_value": 100000,
          "min_value": 528
        },
        "meta": {
          "profiler_details": {
            "metric_configuration": {
              "domain_kwargs": {},
              "metric_name": "table.row_count",
              "metric_value_kwargs": null
            },
            "num_batches": 1
          }
        }
      },
      "meta": {},
      "result": {
        "observed_value": 528
      },
      "success": true
    },
    {
      "exception_info": {
        "exception_message": null,
        "exception_traceback": null,
        "raised_exception": false
      },
      "expectation_config": {
        "expectation_type": "expect_table_columns_to_match_set",
        "kwargs": {
          "batch_id": "ab017986cdf751186b0584ba80e241d4",
          "column_set": [
            "rain",
            "temperature_2m",
            "time",
            "relative_humidity_2m",
            "apparent_temperature",
            "dew_point_2m",
            "precipitation_probability",
            "surface_pressure"
          ],
          "exact_match": null
        },
        "meta": {
          "profiler_details": {
            "success_ratio": 1.0
          }
        }
      },
      "meta": {},
      "result": {
        "observed_value": [
          "time",
          "temperature_2m",
          "relative_humidity_2m",
          "dew_point_2m",
          "apparent_temperature",
          "precipitation_probability",
          "rain",
          "surface_pressure"
        ]
      },
      "success": true
    },
    {
      "exception_info": {
        "exception_message": null,
        "exception_traceback": null,
        "raised_exception": false
      },
      "expectation_config": {
        "expectation_type": "expect_column_values_to_not_be_null",
        "kwargs": {
          "batch_id": "ab017986cdf751186b0584ba80e241d4",
          "column": "temperature_2m"
        },
        "meta": {
          "profiler_details": {
            "metric_configuration": {
              "domain_kwargs": {
                "column": "temperature_2m"
              },
              "metric_name": "column_values.nonnull.unexpected_count",
              "metric_value_kwargs": null
            },
            "num_batches": 1
          }
        }
      },
      "meta": {},
      "result": {
        "element_count": 528,
        "partial_unexpected_counts": [],
        "partial_unexpected_index_list": [],
        "partial_unexpected_list": [],
        "unexpected_count": 0,
        "unexpected_percent": 0.0
      },
      "success": true
    },
    {
      "exception_info": {
        "exception_message": null,
        "exception_traceback": null,
        "raised_exception": false
      },
      "expectation_config": {
        "expectation_type": "expect_column_min_to_be_between",
        "kwargs": {
          "batch_id": "ab017986cdf751186b0584ba80e241d4",
          "column": "temperature_2m",
          "max_value": 1.4,
          "min_value": 1.4,
          "strict_max": false,
          "strict_min": false
        },
        "meta": {
          "profiler_details": {
            "metric_configuration": {
              "domain_kwargs": {
                "column": "temperature_2m"
              },
              "metric_name": "column.min",
              "metric_value_kwargs": null
            },
            "num_batches": 1
          }
        }
      },
      "meta": {},
      "result": {
        "observed_value": 1.4
      },
      "success": true
    },
    {
      "exception_info": {
        "exception_message": null,
        "exception_traceback": null,
        "raised_exception": false
      },
      "expectation_config": {
        "expectation_type": "expect_column_max_to_be_between",
        "kwargs": {
          "batch_id": "ab017986cdf751186b0584ba80e241d4",
          "column": "temperature_2m",
          "max_value": 31.1,
          "min_value": 31.1,
          "strict_max": false,
          "strict_min": false
        },
        "meta": {
          "profiler_details": {
            "metric_configuration": {
              "domain_kwargs": {
                "column": "temperature_2m"
              },
              "metric_name": "column.max",
              "metric_value_kwargs": null
            },
            "num_batches": 1
          }
        }
      },
      "meta": {},
      "result": {
        "observed_value": 31.1
      },
      "success": true
    },
    {
      "exception_info": {
        "exception_message": null,
        "exception_traceback": null,
        "raised_exception": false
      },
      "expectation_config": {
        "expectation_type": "expect_column_values_to_be_between",
        "kwargs": {
          "batch_id": "ab017986cdf751186b0584ba80e241d4",
          "column": "temperature_2m",
          "max_value": 31.1,
          "min_value": 1.4,
          "mostly": 1.0,
          "strict_max": false,
          "strict_min": false
        },
        "meta": {
          "profiler_details": {
            "column_max_values_range_estimator": {
              "metric_configuration": {
                "domain_kwargs": {
                  "column": "temperature_2m"
                },
                "metric_name": "column.max",
                "metric_value_kwargs": null
              },
              "num_batches": 1
            },
            "column_min_values_range_estimator": {
              "metric_configuration": {
                "domain_kwargs": {
                  "column": "temperature_2m"
                },
                "metric_name": "column.min",
                "metric_value_kwargs": null
              },
              "num_batches": 1
            }
          }
        }
      },
      "meta": {},
      "result": {
        "element_count": 528,
        "missing_count": 0,
        "missing_percent": 0.0,
        "partial_unexpected_counts": [],
        "partial_unexpected_index_list": [],
        "partial_unexpected_list": [],
        "unexpected_count": 0,
        "unexpected_percent": 0.0,
        "unexpected_percent_nonmissing": 0.0,
        "unexpected_percent_total": 0.0
      },
      "success": true
    },
    {
      "exception_info": {
        "exception_message": null,
        "exception_traceback": null,
        "raised_exception": false
      },
      "expectation_config": {
        "expectation_type": "expect_column_quantile_values_to_be_between",
        "kwargs": {
          "allow_relative_error": false,
          "batch_id": "ab017986cdf751186b0584ba80e241d4",
          "column": "temperature_2m",
          "quantile_ranges": {
            "quantiles": [
              0.25,
              0.5,
              0.75
            ],
            "value_ranges": [
              [
                10.6,
                10.6
              ],
              [
                13.6,
                13.6
              ],
              [
                18.9,
                18.9
              ]
            ]
          }
        },
        "meta": {
          "profiler_details": {
            "metric_configuration": {
              "domain_kwargs": {
                "column": "temperature_2m"
              },
              "metric_name": "column.quantile_values",
              "metric_value_kwargs": {
                "allow_relative_error": false,
                "quantiles": [
                  0.25,
                  0.5,
                  0.75
                ]
              }
            },
            "num_batches": 1
          }
        }
      },
      "meta": {},
      "result": {
        "details": {
          "success_details": [
            true,
            true,
            true
          ]
        },
        "observed_value": {
          "quantiles": [
            0.25,
            0.5,
            0.75
          ],
          "values": [
            10.6,
            13.6,
            18.9
          ]
        }
      },
      "success": true
    },
    {
      "exception_info": {
        "exception_message": null,
        "exception_traceback": null,
        "raised_exception": false
      },
      "expectation_config": {
        "expectation_type": "expect_column_median_to_be_between",
        "kwargs": {
          "batch_id": "ab017986cdf751186b0584ba80e241d4",
          "column": "temperature_2m",
          "max_value": 13.6,
          "min_value": 13.6,
          "strict_max": false,
          "strict_min": false
        },
        "meta": {
          "profiler_details": {
            "metric_configuration": {
              "domain_kwargs": {
                "column": "temperature_2m"
              },
              "metric_name": "column.median",
              "metric_value_kwargs": null
            },
            "num_batches": 1
          }
        }
      },
      "meta": {},
      "result": {
        "observed_value": 13.6
      },
      "success": true
    },
    {
      "exception_info": {
        "exception_message": null,
        "exception_traceback": null,
        "raised_exception": false
      },
      "expectation_config": {
        "expectation_type": "expect_column_mean_to_be_between",
        "kwargs": {
          "batch_id": "ab017986cdf751186b0584ba80e241d4",
          "column": "temperature_2m",
          "max_value": 14.642424242424243,
          "min_value": 14.642424242424243,
          "strict_max": false,
          "strict_min": false
        },
        "meta": {
          "profiler_details": {
            "metric_configuration": {
              "domain_kwargs": {
                "column": "temperature_2m"
              },
              "metric_name": "column.mean",
              "metric_value_kwargs": null
            },
            "num_batches": 1
          }
        }
      },
      "meta": {},
      "result": {
        "observed_value": 14.642424242424243
      },
      "success": true
    },
    {
      "exception_info": {
        "exception_message": null,
        "exception_traceback": null,
        "raised_exception": false
      },
      "expectation_config": {
        "expectation_type": "expect_column_stdev_to_be_between",
        "kwargs": {
          "batch_id": "ab017986cdf751186b0584ba80e241d4",
          "column": "temperature_2m",
          "max_value": 6.218123980643373,
          "min_value": 6.218123980643373,
          "strict_max": false,
          "strict_min": false
        },
        "meta": {
          "profiler_details": {
            "metric_configuration": {
              "domain_kwargs": {
                "column": "temperature_2m"
              },
              "metric_name": "column.standard_deviation",
              "metric_value_kwargs": null
            },
            "num_batches": 1
          }
        }
      },
      "meta": {},
      "result": {
        "observed_value": 6.218123980643373
      },
      "success": true
    },
    {
      "exception_info": {
        "exception_message": null,
        "exception_traceback": null,
        "raised_exception": false
      },
      "expectation_config": {
        "expectation_type": "expect_column_values_to_not_be_null",
        "kwargs": {
          "batch_id": "ab017986cdf751186b0584ba80e241d4",
          "column": "relative_humidity_2m"
        },
        "meta": {
          "profiler_details": {
            "metric_configuration": {
              "domain_kwargs": {
                "column": "relative_humidity_2m"
              },
              "metric_name": "column_values.nonnull.unexpected_count",
              "metric_value_kwargs": null
            },
            "num_batches": 1
          }
        }
      },
      "meta": {},
      "result": {
        "element_count": 528,
        "partial_unexpected_counts": [],
        "partial_unexpected_index_list": [],
        "partial_unexpected_list": [],
        "unexpected_count": 0,
        "unexpected_percent": 0.0
      },
      "success": true
    },
    {
      "exception_info": {
        "exception_message": null,
        "exception_traceback": null,
        "raised_exception": false
      },
      "expectation_config": {
        "expectation_type": "expect_column_min_to_be_between",
        "kwargs": {
          "batch_id": "ab017986cdf751186b0584ba80e241d4",
          "column": "relative_humidity_2m",
          "max_value": 23,
          "min_value": 23,
          "strict_max": false,
          "strict_min": false
        },
        "meta": {
          "profiler_details": {
            "metric_configuration": {
              "domain_kwargs": {
                "column": "relative_humidity_2m"
              },
              "metric_name": "column.min",
              "metric_value_kwargs": null
            },
            "num_batches": 1
          }
        }
      },
      "meta": {},
      "result": {
        "observed_value": 23
      },
      "success": true
    },
    {
      "exception_info": {
        "exception_message": null,
        "exception_traceback": null,
        "raised_exception": false
      },
      "expectation_config": {
        "expectation_type": "expect_column_max_to_be_between",
        "kwargs": {
          "batch_id": "ab017986cdf751186b0584ba80e241d4",
          "column": "relative_humidity_2m",
          "max_value": 97,
          "min_value": 97,
          "strict_max": false,
          "strict_min": false
        },
        "meta": {
          "profiler_details": {
            "metric_configuration": {
              "domain_kwargs": {
                "column": "relative_humidity_2m"
              },
              "metric_name": "column.max",
              "metric_value_kwargs": null
            },
            "num_batches": 1
          }
        }
      },
      "meta": {},
      "result": {
        "observed_value": 97
      },
      "success": true
    },
    {
      "exception_info": {
        "exception_message": null,
        "exception_traceback": null,
        "raised_exception": false
      },
      "expectation_config": {
        "expectation_type": "expect_column_values_to_be_between",
        "kwargs": {
          "batch_id": "ab017986cdf751186b0584ba80e241d4",
          "column": "relative_humidity_2m",
          "max_value": 97,
          "min_value": 23,
          "mostly": 1.0,
          "strict_max": false,
          "strict_min": false
        },
        "meta": {
          "profiler_details": {
            "column_max_values_range_estimator": {
              "metric_configuration": {
                "domain_kwargs": {
                  "column": "relative_humidity_2m"
                },
                "metric_name": "column.max",
                "metric_value_kwargs": null
              },
              "num_batches": 1
            },
            "column_min_values_range_estimator": {
              "metric_configuration": {
                "domain_kwargs": {
                  "column": "relative_humidity_2m"
                },
                "metric_name": "column.min",
                "metric_value_kwargs": null
              },
              "num_batches": 1
            }
          }
        }
      },
      "meta": {},
      "result": {
        "element_count": 528,
        "missing_count": 0,
        "missing_percent": 0.0,
        "partial_unexpected_counts": [],
        "partial_unexpected_index_list": [],
        "partial_unexpected_list": [],
        "unexpected_count": 0,
        "unexpected_percent": 0.0,
        "unexpected_percent_nonmissing": 0.0,
        "unexpected_percent_total": 0.0
      },
      "success": true
    },
    {
      "exception_info": {
        "exception_message": null,
        "exception_traceback": null,
        "raised_exception": false
      },
      "expectation_config": {
        "expectation_type": "expect_column_quantile_values_to_be_between",
        "kwargs": {
          "allow_relative_error": false,
          "batch_id": "ab017986cdf751186b0584ba80e241d4",
          "column": "relative_humidity_2m",
          "quantile_ranges": {
            "quantiles": [
              0.25,
              0.5,
              0.75
            ],
            "value_ranges": [
              [
                45,
                45
              ],
              [
                58,
                58
              ],
              [
                74,
                74
              ]
            ]
          }
        },
        "meta": {
          "profiler_details": {
            "metric_configuration": {
              "domain_kwargs": {
                "column": "relative_humidity_2m"
              },
              "metric_name": "column.quantile_values",
              "metric_value_kwargs": {
                "allow_relative_error": false,
                "quantiles": [
                  0.25,
                  0.5,
                  0.75
                ]
              }
            },
            "num_batches": 1
          }
        }
      },
      "meta": {},
      "result": {
        "details": {
          "success_details": [
            true,
            true,
            true
          ]
        },
        "observed_value": {
          "quantiles": [
            0.25,
            0.5,
            0.75
          ],
          "values": [
            45,
            58,
            74
          ]
        }
      },
      "success": true
    },
    {
      "exception_info": {
        "exception_message": null,
        "exception_traceback": null,
        "raised_exception": false
      },
      "expectation_config": {
        "expectation_type": "expect_column_median_to_be_between",
        "kwargs": {
          "batch_id": "ab017986cdf751186b0584ba80e241d4",
          "column": "relative_humidity_2m",
          "max_value": 58.0,
          "min_value": 58.0,
          "strict_max": false,
          "strict_min": false
        },
        "meta": {
          "profiler_details": {
            "metric_configuration": {
              "domain_kwargs": {
                "column": "relative_humidity_2m"
              },
              "metric_name": "column.median",
              "metric_value_kwargs": null
            },
            "num_batches": 1
          }
        }
      },
      "meta": {},
      "result": {
        "observed_value": 58.0
      },
      "success": true
    },
    {
      "exception_info": {
        "exception_message": null,
        "exception_traceback": null,
        "raised_exception": false
      },
      "expectation_config": {
        "expectation_type": "expect_column_mean_to_be_between",
        "kwargs": {
          "batch_id": "ab017986cdf751186b0584ba80e241d4",
          "column": "relative_humidity_2m",
          "max_value": 59.40530303030303,
          "min_value": 59.40530303030303,
          "strict_max": false,
          "strict_min": false
        },
        "meta": {
          "profiler_details": {
            "metric_configuration": {
              "domain_kwargs": {
                "column": "relative_humidity_2m"
              },
              "metric_name": "column.mean",
              "metric_value_kwargs": null
            },
            "num_batches": 1
          }
        }
      },
      "meta": {},
      "result": {
        "observed_value": 59.40530303030303
      },
      "success": true
    },
    {
      "exception_info": {
        "exception_message": null,
        "exception_traceback": null,
        "raised_exception": false
      },
      "expectation_config": {
        "expectation_type": "expect_column_stdev_to_be_between",
        "kwargs": {
          "batch_id": "ab017986cdf751186b0584ba80e241d4",
          "column": "relative_humidity_2m",
          "max_value": 17.314002907536775,
          "min_value": 17.314002907536775,
          "strict_max": false,
          "strict_min": false
        },
        "meta": {
          "profiler_details": {
            "metric_configuration": {
              "domain_kwargs": {
                "column": "relative_humidity_2m"
              },
              "metric_name": "column.standard_deviation",
              "metric_value_kwargs": null
            },
            "num_batches": 1
          }
        }
      },
      "meta": {},
      "result": {
        "observed_value": 17.314002907536775
      },
      "success": true
    },
    {
      "exception_info": {
        "exception_message": null,
        "exception_traceback": null,
        "raised_exception": false
      },
      "expectation_config": {
        "expectation_type": "expect_column_values_to_be_in_set",
        "kwargs": {
          "batch_id": "ab017986cdf751186b0584ba80e241d4",
          "column": "relative_humidity_2m",
          "mostly": 1.0,
          "value_set": [
            23,
            24,
            25,
            27,
            29,
            30,
            31,
            32,
            33,
            34,
            35,
            36,
            37,
            38,
            39,
            40,
            41,
            42,
            43,
            44,
            45,
            46,
            47,
            48,
            49,
            50,
            51,
            52,
            53,
            54,
            55,
            56,
            57,
            58,
            59,
            60,
            61,
            62,
            63,
            64,
            65,
            66,
            67,
            68,
            69,
            70,
            71,
            72,
            73,
            74,
            75,
            76,
            77,
            78,
            79,
            80,
            81,
            82,
            83,
            84,
            85,
            86,
            87,
            88,
            89,
            90,
            91,
            92,
            94,
            95,
            97
          ]
        },
        "meta": {
          "profiler_details": {
            "metric_configuration": {
              "domain_kwargs": {
                "column": "relative_humidity_2m"
              },
              "metric_name": "column.distinct_values",
              "metric_value_kwargs": null
            },
            "num_batches": 1,
            "parse_strings_as_datetimes": false
          }
        }
      },
      "meta": {},
      "result": {
        "element_count": 528,
        "missing_count": 0,
        "missing_percent": 0.0,
        "partial_unexpected_counts": [],
        "partial_unexpected_index_list": [],
        "partial_unexpected_list": [],
        "unexpected_count": 0,
        "unexpected_percent": 0.0,
        "unexpected_percent_nonmissing": 0.0,
        "unexpected_percent_total": 0.0
      },
      "success": true
    },
    {
      "exception_info": {
        "exception_message": null,
        "exception_traceback": null,
        "raised_exception": false
      },
      "expectation_config": {
        "expectation_type": "expect_column_unique_value_count_to_be_between",
        "kwargs": {
          "batch_id": "ab017986cdf751186b0584ba80e241d4",
          "column": "relative_humidity_2m",
          "max_value": 71,
          "min_value": 71,
          "strict_max": false,
          "strict_min": false
        },
        "meta": {
          "profiler_details": {
            "metric_configuration": {
              "domain_kwargs": {
                "column": "relative_humidity_2m"
              },
              "metric_name": "column.distinct_values.count",
              "metric_value_kwargs": null
            },
            "num_batches": 1
          }
        }
      },
      "meta": {},
      "result": {
        "observed_value": 71
      },
      "success": true
    },
    {
      "exception_info": {
        "exception_message": null,
        "exception_traceback": null,
        "raised_exception": false
      },
      "expectation_config": {
        "expectation_type": "expect_column_proportion_of_unique_values_to_be_between",
        "kwargs": {
          "batch_id": "ab017986cdf751186b0584ba80e241d4",
          "column": "relative_humidity_2m",
          "max_value": 0.13446969696969696,
          "min_value": 0.13446969696969696,
          "strict_max": false,
          "strict_min": false
        },
        "meta": {
          "profiler_details": {
            "metric_configuration": {
              "domain_kwargs": {
                "column": "relative_humidity_2m"
              },
              "metric_name": "column.unique_proportion",
              "metric_value_kwargs": null
            },
            "num_batches": 1
          }
        }
      },
      "meta": {},
      "result": {
        "observed_value": 0.13446969696969696
      },
      "success": true
    },
    {
      "exception_info": {
        "exception_message": null,
        "exception_traceback": null,
        "raised_exception": false
      },
      "expectation_config": {
        "expectation_type": "expect_column_values_to_not_be_null",
        "kwargs": {
          "batch_id": "ab017986cdf751186b0584ba80e241d4",
          "column": "rain"
        },
        "meta": {
          "profiler_details": {
            "metric_configuration": {
              "domain_kwargs": {
                "column": "rain"
              },
              "metric_name": "column_values.nonnull.unexpected_count",
              "metric_value_kwargs": null
            },
            "num_batches": 1
          }
        }
      },
      "meta": {},
      "result": {
        "element_count": 528,
        "partial_unexpected_counts": [],
        "partial_unexpected_index_list": [],
        "partial_unexpected_list": [],
        "unexpected_count": 0,
        "unexpected_percent": 0.0
      },
      "success": true
    },
    {
      "exception_info": {
        "exception_message": null,
        "exception_traceback": null,
        "raised_exception": false
      },
      "expectation_config": {
        "expectation_type": "expect_column_min_to_be_between",
        "kwargs": {
          "batch_id": "ab017986cdf751186b0584ba80e241d4",
          "column": "rain",
          "max_value": 0.0,
          "min_value": 0.0,
          "strict_max": false,
          "strict_min": false
        },
        "meta": {
          "profiler_details": {
            "metric_configuration": {
              "domain_kwargs": {
                "column": "rain"
              },
              "metric_name": "column.min",
              "metric_value_kwargs": null
            },
            "num_batches": 1
          }
        }
      },
      "meta": {},
      "result": {
        "observed_value": 0.0
      },
      "success": true
    },
    {
      "exception_info": {
        "exception_message": null,
        "exception_traceback": null,
        "raised_exception": false
      },
      "expectation_config": {
        "expectation_type": "expect_column_max_to_be_between",
        "kwargs": {
          "batch_id": "ab017986cdf751186b0584ba80e241d4",
          "column": "rain",
          "max_value": 1.8,
          "min_value": 1.8,
          "strict_max": false,
          "strict_min": false
        },
        "meta": {
          "profiler_details": {
            "metric_configuration": {
              "domain_kwargs": {
                "column": "rain"
              },
              "metric_name": "column.max",
              "metric_value_kwargs": null
            },
            "num_batches": 1
          }
        }
      },
      "meta": {},
      "result": {
        "observed_value": 1.8
      },
      "success": true
    },
    {
      "exception_info": {
        "exception_message": null,
        "exception_traceback": null,
        "raised_exception": false
      },
      "expectation_config": {
        "expectation_type": "expect_column_values_to_be_between",
        "kwargs": {
          "batch_id": "ab017986cdf751186b0584ba80e241d4",
          "column": "rain",
          "max_value": 1.8,
          "min_value": 0.0,
          "mostly": 1.0,
          "strict_max": false,
          "strict_min": false
        },
        "meta": {
          "profiler_details": {
            "column_max_values_range_estimator": {
              "metric_configuration": {
                "domain_kwargs": {
                  "column": "rain"
                },
                "metric_name": "column.max",
                "metric_value_kwargs": null
              },
              "num_batches": 1
            },
            "column_min_values_range_estimator": {
              "metric_configuration": {
                "domain_kwargs": {
                  "column": "rain"
                },
                "metric_name": "column.min",
                "metric_value_kwargs": null
              },
              "num_batches": 1
            }
          }
        }
      },
      "meta": {},
      "result": {
        "element_count": 528,
        "missing_count": 0,
        "missing_percent": 0.0,
        "partial_unexpected_counts": [],
        "partial_unexpected_index_list": [],
        "partial_unexpected_list": [],
        "unexpected_count": 0,
        "unexpected_percent": 0.0,
        "unexpected_percent_nonmissing": 0.0,
        "unexpected_percent_total": 0.0
      },
      "success": true
    },
    {
      "exception_info": {
        "exception_message": null,
        "exception_traceback": null,
        "raised_exception": false
      },
      "expectation_config": {
        "expectation_type": "expect_column_quantile_values_to_be_between",
        "kwargs": {
          "allow_relative_error": false,
          "batch_id": "ab017986cdf751186b0584ba80e241d4",
          "column": "rain",
          "quantile_ranges": {
            "quantiles": [
              0.25,
              0.5,
              0.75
            ],
            "value_ranges": [
              [
                0.0,
                0.0
              ],
              [
                0.0,
                0.0
              ],
              [
                0.0,
                0.0
              ]
            ]
          }
        },
        "meta": {
          "profiler_details": {
            "metric_configuration": {
              "domain_kwargs": {
                "column": "rain"
              },
              "metric_name": "column.quantile_values",
              "metric_value_kwargs": {
                "allow_relative_error": false,
                "quantiles": [
                  0.25,
                  0.5,
                  0.75
                ]
              }
            },
            "num_batches": 1
          }
        }
      },
      "meta": {},
      "result": {
        "details": {
          "success_details": [
            true,
            true,
            true
          ]
        },
        "observed_value": {
          "quantiles": [
            0.25,
            0.5,
            0.75
          ],
          "values": [
            0.0,
            0.0,
            0.0
          ]
        }
      },
      "success": true
    },
    {
      "exception_info": {
        "exception_message": null,
        "exception_traceback": null,
        "raised_exception": false
      },
      "expectation_config": {
        "expectation_type": "expect_column_median_to_be_between",
        "kwargs": {
          "batch_id": "ab017986cdf751186b0584ba80e241d4",
          "column": "rain",
          "max_value": 0.0,
          "min_value": 0.0,
          "strict_max": false,
          "strict_min": false
        },
        "meta": {
          "profiler_details": {
            "metric_configuration": {
              "domain_kwargs": {
                "column": "rain"
              },
              "metric_name": "column.median",
              "metric_value_kwargs": null
            },
            "num_batches": 1
          }
        }
      },
      "meta": {},
      "result": {
        "observed_value": 0.0
      },
      "success": true
    },
    {
      "exception_info": {
        "exception_message": null,
        "exception_traceback": null,
        "raised_exception": false
      },
      "expectation_config": {
        "expectation_type": "expect_column_mean_to_be_between",
        "kwargs": {
          "batch_id": "ab017986cdf751186b0584ba80e241d4",
          "column": "rain",
          "max_value": 0.023674242424242424,
          "min_value": 0.023674242424242424,
          "strict_max": false,
          "strict_min": false
        },
        "meta": {
          "profiler_details": {
            "metric_configuration": {
              "domain_kwargs": {
                "column": "rain"
              },
              "metric_name": "column.mean",
              "metric_value_kwargs": null
            },
            "num_batches": 1
          }
        }
      },
      "meta": {},
      "result": {
        "observed_value": 0.023674242424242424
      },
      "success": true
    },
    {
      "exception_info": {
        "exception_message": null,
        "exception_traceback": null,
        "raised_exception": false
      },
      "expectation_config": {
        "expectation_type": "expect_column_stdev_to_be_between",
        "kwargs": {
          "batch_id": "ab017986cdf751186b0584ba80e241d4",
          "column": "rain",
          "max_value": 0.13826021152344076,
          "min_value": 0.13826021152344076,
          "strict_max": false,
          "strict_min": false
        },
        "meta": {
          "profiler_details": {
            "metric_configuration": {
              "domain_kwargs": {
                "column": "rain"
              },
              "metric_name": "column.standard_deviation",
              "metric_value_kwargs": null
            },
            "num_batches": 1
          }
        }
      },
      "meta": {},
      "result": {
        "observed_value": 0.13826021152344076
      },
      "success": true
    },
    {
      "exception_info": {
        "exception_message": null,
        "exception_traceback": null,
        "raised_exception": false
      },
      "expectation_config": {
        "expectation_type": "expect_column_values_to_be_in_set",
        "kwargs": {
          "batch_id": "ab017986cdf751186b0584ba80e241d4",
          "column": "rain",
          "mostly": 1.0,
          "value_set": [
            0.0,
            0.5,
            0.1,
            0.8,
            0.2,
            0.9,
            1.0,
            1.2,
            1.3,
            1.8
          ]
        },
        "meta": {
          "profiler_details": {
            "metric_configuration": {
              "domain_kwargs": {
                "column": "rain"
              },
              "metric_name": "column.distinct_values",
              "metric_value_kwargs": null
            },
            "num_batches": 1,
            "parse_strings_as_datetimes": false
          }
        }
      },
      "meta": {},
      "result": {
        "element_count": 528,
        "missing_count": 0,
        "missing_percent": 0.0,
        "partial_unexpected_counts": [],
        "partial_unexpected_index_list": [],
        "partial_unexpected_list": [],
        "unexpected_count": 0,
        "unexpected_percent": 0.0,
        "unexpected_percent_nonmissing": 0.0,
        "unexpected_percent_total": 0.0
      },
      "success": true
    },
    {
      "exception_info": {
        "exception_message": null,
        "exception_traceback": null,
        "raised_exception": false
      },
      "expectation_config": {
        "expectation_type": "expect_column_unique_value_count_to_be_between",
        "kwargs": {
          "batch_id": "ab017986cdf751186b0584ba80e241d4",
          "column": "rain",
          "max_value": 10,
          "min_value": 10,
          "strict_max": false,
          "strict_min": false
        },
        "meta": {
          "profiler_details": {
            "metric_configuration": {
              "domain_kwargs": {
                "column": "rain"
              },
              "metric_name": "column.distinct_values.count",
              "metric_value_kwargs": null
            },
            "num_batches": 1
          }
        }
      },
      "meta": {},
      "result": {
        "observed_value": 10
      },
      "success": true
    },
    {
      "exception_info": {
        "exception_message": null,
        "exception_traceback": null,
        "raised_exception": false
      },
      "expectation_config": {
        "expectation_type": "expect_column_proportion_of_unique_values_to_be_between",
        "kwargs": {
          "batch_id": "ab017986cdf751186b0584ba80e241d4",
          "column": "rain",
          "max_value": 0.01893939393939394,
          "min_value": 0.01893939393939394,
          "strict_max": false,
          "strict_min": false
        },
        "meta": {
          "profiler_details": {
            "metric_configuration": {
              "domain_kwargs": {
                "column": "rain"
              },
              "metric_name": "column.unique_proportion",
              "metric_value_kwargs": null
            },
            "num_batches": 1
          }
        }
      },
      "meta": {},
      "result": {
        "observed_value": 0.01893939393939394
      },
      "success": true
    },
    {
      "exception_info": {
        "exception_message": null,
        "exception_traceback": null,
        "raised_exception": false
      },
      "expectation_config": {
        "expectation_type": "expect_column_values_to_not_be_null",
        "kwargs": {
          "batch_id": "ab017986cdf751186b0584ba80e241d4",
          "column": "surface_pressure"
        },
        "meta": {
          "profiler_details": {
            "metric_configuration": {
              "domain_kwargs": {
                "column": "surface_pressure"
              },
              "metric_name": "column_values.nonnull.unexpected_count",
              "metric_value_kwargs": null
            },
            "num_batches": 1
          }
        }
      },
      "meta": {},
      "result": {
        "element_count": 528,
        "partial_unexpected_counts": [],
        "partial_unexpected_index_list": [],
        "partial_unexpected_list": [],
        "unexpected_count": 0,
        "unexpected_percent": 0.0
      },
      "success": true
    },
    {
      "exception_info": {
        "exception_message": null,
        "exception_traceback": null,
        "raised_exception": false
      },
      "expectation_config": {
        "expectation_type": "expect_column_min_to_be_between",
        "kwargs": {
          "batch_id": "ab017986cdf751186b0584ba80e241d4",
          "column": "surface_pressure",
          "max_value": 968.3,
          "min_value": 968.3,
          "strict_max": false,
          "strict_min": false
        },
        "meta": {
          "profiler_details": {
            "metric_configuration": {
              "domain_kwargs": {
                "column": "surface_pressure"
              },
              "metric_name": "column.min",
              "metric_value_kwargs": null
            },
            "num_batches": 1
          }
        }
      },
      "meta": {},
      "result": {
        "observed_value": 968.3
      },
      "success": true
    },
    {
      "exception_info": {
        "exception_message": null,
        "exception_traceback": null,
        "raised_exception": false
      },
      "expectation_config": {
        "expectation_type": "expect_column_max_to_be_between",
        "kwargs": {
          "batch_id": "ab017986cdf751186b0584ba80e241d4",
          "column": "surface_pressure",
          "max_value": 1001.7,
          "min_value": 1001.7,
          "strict_max": false,
          "strict_min": false
        },
        "meta": {
          "profiler_details": {
            "metric_configuration": {
              "domain_kwargs": {
                "column": "surface_pressure"
              },
              "metric_name": "column.max",
              "metric_value_kwargs": null
            },
            "num_batches": 1
          }
        }
      },
      "meta": {},
      "result": {
        "observed_value": 1001.7
      },
      "success": true
    },
    {
      "exception_info": {
        "exception_message": null,
        "exception_traceback": null,
        "raised_exception": false
      },
      "expectation_config": {
        "expectation_type": "expect_column_values_to_be_between",
        "kwargs": {
          "batch_id": "ab017986cdf751186b0584ba80e241d4",
          "column": "surface_pressure",
          "max_value": 1001.7,
          "min_value": 968.3,
          "mostly": 1.0,
          "strict_max": false,
          "strict_min": false
        },
        "meta": {
          "profiler_details": {
            "column_max_values_range_estimator": {
              "metric_configuration": {
                "domain_kwargs": {
                  "column": "surface_pressure"
                },
                "metric_name": "column.max",
                "metric_value_kwargs": null
              },
              "num_batches": 1
            },
            "column_min_values_range_estimator": {
              "metric_configuration": {
                "domain_kwargs": {
                  "column": "surface_pressure"
                },
                "metric_name": "column.min",
                "metric_value_kwargs": null
              },
              "num_batches": 1
            }
          }
        }
      },
      "meta": {},
      "result": {
        "element_count": 528,
        "missing_count": 0,
        "missing_percent": 0.0,
        "partial_unexpected_counts": [],
        "partial_unexpected_index_list": [],
        "partial_unexpected_list": [],
        "unexpected_count": 0,
        "unexpected_percent": 0.0,
        "unexpected_percent_nonmissing": 0.0,
        "unexpected_percent_total": 0.0
      },
      "success": true
    },
    {
      "exception_info": {
        "exception_message": null,
        "exception_traceback": null,
        "raised_exception": false
      },
      "expectation_config": {
        "expectation_type": "expect_column_quantile_values_to_be_between",
        "kwargs": {
          "allow_relative_error": false,
          "batch_id": "ab017986cdf751186b0584ba80e241d4",
          "column": "surface_pressure",
          "quantile_ranges": {
            "quantiles": [
              0.25,
              0.5,
              0.75
            ],
            "value_ranges": [
              [
                977.9,
                977.9
              ],
              [
                984.0,
                984.0
              ],
              [
                989.1,
                989.1
              ]
            ]
          }
        },
        "meta": {
          "profiler_details": {
            "metric_configuration": {
              "domain_kwargs": {
                "column": "surface_pressure"
              },
              "metric_name": "column.quantile_values",
              "metric_value_kwargs": {
                "allow_relative_error": false,
                "quantiles": [
                  0.25,
                  0.5,
                  0.75
                ]
              }
            },
            "num_batches": 1
          }
        }
      },
      "meta": {},
      "result": {
        "details": {
          "success_details": [
            true,
            true,
            true
          ]
        },
        "observed_value": {
          "quantiles": [
            0.25,
            0.5,
            0.75
          ],
          "values": [
            977.9,
            984.0,
            989.1
          ]
        }
      },
      "success": true
    },
    {
      "exception_info": {
        "exception_message": null,
        "exception_traceback": null,
        "raised_exception": false
      },
      "expectation_config": {
        "expectation_type": "expect_column_median_to_be_between",
        "kwargs": {
          "batch_id": "ab017986cdf751186b0584ba80e241d4",
          "column": "surface_pressure",
          "max_value": 984.0,
          "min_value": 984.0,
          "strict_max": false,
          "strict_min": false
        },
        "meta": {
          "profiler_details": {
            "metric_configuration": {
              "domain_kwargs": {
                "column": "surface_pressure"
              },
              "metric_name": "column.median",
              "metric_value_kwargs": null
            },
            "num_batches": 1
          }
        }
      },
      "meta": {},
      "result": {
        "observed_value": 984.0
      },
      "success": true
    },
    {
      "exception_info": {
        "exception_message": null,
        "exception_traceback": null,
        "raised_exception": false
      },
      "expectation_config": {
        "expectation_type": "expect_column_mean_to_be_between",
        "kwargs": {
          "batch_id": "ab017986cdf751186b0584ba80e241d4",
          "column": "surface_pressure",
          "max_value": 984.436553030303,
          "min_value": 984.436553030303,
          "strict_max": false,
          "strict_min": false
        },
        "meta": {
          "profiler_details": {
            "metric_configuration": {
              "domain_kwargs": {
                "column": "surface_pressure"
              },
              "metric_name": "column.mean",
              "metric_value_kwargs": null
            },
            "num_batches": 1
          }
        }
      },
      "meta": {},
      "result": {
        "observed_value": 984.436553030303
      },
      "success": true
    },
    {
      "exception_info": {
        "exception_message": null,
        "exception_traceback": null,
        "raised_exception": false
      },
      "expectation_config": {
        "expectation_type": "expect_column_stdev_to_be_between",
        "kwargs": {
          "batch_id": "ab017986cdf751186b0584ba80e241d4",
          "column": "surface_pressure",
          "max_value": 7.828227584142973,
          "min_value": 7.828227584142973,
          "strict_max": false,
          "strict_min": false
        },
        "meta": {
          "profiler_details": {
            "metric_configuration": {
              "domain_kwargs": {
                "column": "surface_pressure"
              },
              "metric_name": "column.standard_deviation",
              "metric_value_kwargs": null
            },
            "num_batches": 1
          }
        }
      },
      "meta": {},
      "result": {
        "observed_value": 7.828227584142973
      },
      "success": true
    }
  ],
  "statistics": {
    "evaluated_expectations": 40,
    "success_percent": 100.0,
    "successful_expectations": 40,
    "unsuccessful_expectations": 0
  },
  "success": true
}