{
  "evaluation_parameters": {},
  "meta": {
    "active_batch_definition": {
      "batch_identifiers": {},
      "data_asset_name": "data_for_prediction.csv",
      "data_connector_name": "csv_processed_files",
      "datasource_name": "IIS"
    },
    "batch_markers": {
      "ge_load_time": "20240430T181143.178621Z",
      "pandas_data_fingerprint": "e083efa7a993009b5722bdeeb2001219"
    },
    "batch_spec": {
      "path": "C:\\Users\\mitja\\Desktop\\in\u017einirstvo\\Druga\\great_expectations\\..\\data\\processed\\data_for_prediction.csv"
    },
    "checkpoint_id": null,
    "checkpoint_name": "pred_check",
    "expectation_suite_name": "pred_suite",
    "great_expectations_version": "0.18.13",
    "run_id": {
      "run_name": "20240430-181143-my-run-name-template",
      "run_time": "2024-04-30T20:11:43.171648+02:00"
    },
    "validation_id": null,
    "validation_time": "20240430T181143.186107Z"
  },
  "results": [
    {
      "exception_info": {
        "exception_message": null,
        "exception_traceback": null,
        "raised_exception": false
      },
      "expectation_config": {
        "expectation_type": "expect_table_row_count_to_be_between",
        "kwargs": {
          "batch_id": "d3c6261609578adb370c0ddefa2b919b",
          "max_value": 528,
          "min_value": 528
        },
        "meta": {
          "profiler_details": {
            "metric_configuration": {
              "domain_kwargs": {},
              "metric_name": "table.row_count",
              "metric_value_kwargs": null
            },
            "num_batches": 1
          }
        }
      },
      "meta": {},
      "result": {
        "observed_value": 528
      },
      "success": true
    },
    {
      "exception_info": {
        "exception_message": null,
        "exception_traceback": null,
        "raised_exception": false
      },
      "expectation_config": {
        "expectation_type": "expect_table_columns_to_match_set",
        "kwargs": {
          "batch_id": "d3c6261609578adb370c0ddefa2b919b",
          "column_set": [
            "dew_point",
            "surface_pressure",
            "relative_humidity",
            "temperature",
            "date",
            "available_bike_stands",
            "apparent_temperature",
            "precipitation_probability",
            "rain",
            "bike_stands"
          ],
          "exact_match": null
        },
        "meta": {
          "profiler_details": {
            "success_ratio": 1.0
          }
        }
      },
      "meta": {},
      "result": {
        "observed_value": [
          "date",
          "temperature",
          "relative_humidity",
          "dew_point",
          "apparent_temperature",
          "precipitation_probability",
          "rain",
          "surface_pressure",
          "bike_stands",
          "available_bike_stands"
        ]
      },
      "success": true
    },
    {
      "exception_info": {
        "exception_message": null,
        "exception_traceback": null,
        "raised_exception": false
      },
      "expectation_config": {
        "expectation_type": "expect_column_values_to_not_be_null",
        "kwargs": {
          "batch_id": "d3c6261609578adb370c0ddefa2b919b",
          "column": "temperature"
        },
        "meta": {
          "profiler_details": {
            "metric_configuration": {
              "domain_kwargs": {
                "column": "temperature"
              },
              "metric_name": "column_values.nonnull.unexpected_count",
              "metric_value_kwargs": null
            },
            "num_batches": 1
          }
        }
      },
      "meta": {},
      "result": {
        "element_count": 528,
        "partial_unexpected_counts": [],
        "partial_unexpected_index_list": [],
        "partial_unexpected_list": [],
        "unexpected_count": 0,
        "unexpected_percent": 0.0
      },
      "success": true
    },
    {
      "exception_info": {
        "exception_message": null,
        "exception_traceback": null,
        "raised_exception": false
      },
      "expectation_config": {
        "expectation_type": "expect_column_min_to_be_between",
        "kwargs": {
          "batch_id": "d3c6261609578adb370c0ddefa2b919b",
          "column": "temperature",
          "max_value": 1.4,
          "min_value": 1.4,
          "strict_max": false,
          "strict_min": false
        },
        "meta": {
          "profiler_details": {
            "metric_configuration": {
              "domain_kwargs": {
                "column": "temperature"
              },
              "metric_name": "column.min",
              "metric_value_kwargs": null
            },
            "num_batches": 1
          }
        }
      },
      "meta": {},
      "result": {
        "observed_value": 1.4
      },
      "success": true
    },
    {
      "exception_info": {
        "exception_message": null,
        "exception_traceback": null,
        "raised_exception": false
      },
      "expectation_config": {
        "expectation_type": "expect_column_max_to_be_between",
        "kwargs": {
          "batch_id": "d3c6261609578adb370c0ddefa2b919b",
          "column": "temperature",
          "max_value": 31.1,
          "min_value": 31.1,
          "strict_max": false,
          "strict_min": false
        },
        "meta": {
          "profiler_details": {
            "metric_configuration": {
              "domain_kwargs": {
                "column": "temperature"
              },
              "metric_name": "column.max",
              "metric_value_kwargs": null
            },
            "num_batches": 1
          }
        }
      },
      "meta": {},
      "result": {
        "observed_value": 31.1
      },
      "success": true
    },
    {
      "exception_info": {
        "exception_message": null,
        "exception_traceback": null,
        "raised_exception": false
      },
      "expectation_config": {
        "expectation_type": "expect_column_values_to_be_between",
        "kwargs": {
          "batch_id": "d3c6261609578adb370c0ddefa2b919b",
          "column": "temperature",
          "max_value": 31.1,
          "min_value": 1.4,
          "mostly": 1.0,
          "strict_max": false,
          "strict_min": false
        },
        "meta": {
          "profiler_details": {
            "column_max_values_range_estimator": {
              "metric_configuration": {
                "domain_kwargs": {
                  "column": "temperature"
                },
                "metric_name": "column.max",
                "metric_value_kwargs": null
              },
              "num_batches": 1
            },
            "column_min_values_range_estimator": {
              "metric_configuration": {
                "domain_kwargs": {
                  "column": "temperature"
                },
                "metric_name": "column.min",
                "metric_value_kwargs": null
              },
              "num_batches": 1
            }
          }
        }
      },
      "meta": {},
      "result": {
        "element_count": 528,
        "missing_count": 0,
        "missing_percent": 0.0,
        "partial_unexpected_counts": [],
        "partial_unexpected_index_list": [],
        "partial_unexpected_list": [],
        "unexpected_count": 0,
        "unexpected_percent": 0.0,
        "unexpected_percent_nonmissing": 0.0,
        "unexpected_percent_total": 0.0
      },
      "success": true
    },
    {
      "exception_info": {
        "exception_message": null,
        "exception_traceback": null,
        "raised_exception": false
      },
      "expectation_config": {
        "expectation_type": "expect_column_quantile_values_to_be_between",
        "kwargs": {
          "allow_relative_error": false,
          "batch_id": "d3c6261609578adb370c0ddefa2b919b",
          "column": "temperature",
          "quantile_ranges": {
            "quantiles": [
              0.25,
              0.5,
              0.75
            ],
            "value_ranges": [
              [
                10.7,
                10.7
              ],
              [
                14.0,
                14.0
              ],
              [
                19.5,
                19.5
              ]
            ]
          }
        },
        "meta": {
          "profiler_details": {
            "metric_configuration": {
              "domain_kwargs": {
                "column": "temperature"
              },
              "metric_name": "column.quantile_values",
              "metric_value_kwargs": {
                "allow_relative_error": false,
                "quantiles": [
                  0.25,
                  0.5,
                  0.75
                ]
              }
            },
            "num_batches": 1
          }
        }
      },
      "meta": {},
      "result": {
        "details": {
          "success_details": [
            true,
            true,
            true
          ]
        },
        "observed_value": {
          "quantiles": [
            0.25,
            0.5,
            0.75
          ],
          "values": [
            10.7,
            14.0,
            19.5
          ]
        }
      },
      "success": true
    },
    {
      "exception_info": {
        "exception_message": null,
        "exception_traceback": null,
        "raised_exception": false
      },
      "expectation_config": {
        "expectation_type": "expect_column_median_to_be_between",
        "kwargs": {
          "batch_id": "d3c6261609578adb370c0ddefa2b919b",
          "column": "temperature",
          "max_value": 14.0,
          "min_value": 14.0,
          "strict_max": false,
          "strict_min": false
        },
        "meta": {
          "profiler_details": {
            "metric_configuration": {
              "domain_kwargs": {
                "column": "temperature"
              },
              "metric_name": "column.median",
              "metric_value_kwargs": null
            },
            "num_batches": 1
          }
        }
      },
      "meta": {},
      "result": {
        "observed_value": 14.0
      },
      "success": true
    },
    {
      "exception_info": {
        "exception_message": null,
        "exception_traceback": null,
        "raised_exception": false
      },
      "expectation_config": {
        "expectation_type": "expect_column_mean_to_be_between",
        "kwargs": {
          "batch_id": "d3c6261609578adb370c0ddefa2b919b",
          "column": "temperature",
          "max_value": 14.827083333333334,
          "min_value": 14.827083333333334,
          "strict_max": false,
          "strict_min": false
        },
        "meta": {
          "profiler_details": {
            "metric_configuration": {
              "domain_kwargs": {
                "column": "temperature"
              },
              "metric_name": "column.mean",
              "metric_value_kwargs": null
            },
            "num_batches": 1
          }
        }
      },
      "meta": {},
      "result": {
        "observed_value": 14.827083333333334
      },
      "success": true
    },
    {
      "exception_info": {
        "exception_message": null,
        "exception_traceback": null,
        "raised_exception": false
      },
      "expectation_config": {
        "expectation_type": "expect_column_stdev_to_be_between",
        "kwargs": {
          "batch_id": "d3c6261609578adb370c0ddefa2b919b",
          "column": "temperature",
          "max_value": 6.258177603970156,
          "min_value": 6.258177603970156,
          "strict_max": false,
          "strict_min": false
        },
        "meta": {
          "profiler_details": {
            "metric_configuration": {
              "domain_kwargs": {
                "column": "temperature"
              },
              "metric_name": "column.standard_deviation",
              "metric_value_kwargs": null
            },
            "num_batches": 1
          }
        }
      },
      "meta": {},
      "result": {
        "observed_value": 6.258177603970156
      },
      "success": true
    },
    {
      "exception_info": {
        "exception_message": null,
        "exception_traceback": null,
        "raised_exception": false
      },
      "expectation_config": {
        "expectation_type": "expect_column_values_to_not_be_null",
        "kwargs": {
          "batch_id": "d3c6261609578adb370c0ddefa2b919b",
          "column": "relative_humidity"
        },
        "meta": {
          "profiler_details": {
            "metric_configuration": {
              "domain_kwargs": {
                "column": "relative_humidity"
              },
              "metric_name": "column_values.nonnull.unexpected_count",
              "metric_value_kwargs": null
            },
            "num_batches": 1
          }
        }
      },
      "meta": {},
      "result": {
        "element_count": 528,
        "partial_unexpected_counts": [],
        "partial_unexpected_index_list": [],
        "partial_unexpected_list": [],
        "unexpected_count": 0,
        "unexpected_percent": 0.0
      },
      "success": true
    },
    {
      "exception_info": {
        "exception_message": null,
        "exception_traceback": null,
        "raised_exception": false
      },
      "expectation_config": {
        "expectation_type": "expect_column_min_to_be_between",
        "kwargs": {
          "batch_id": "d3c6261609578adb370c0ddefa2b919b",
          "column": "relative_humidity",
          "max_value": 23,
          "min_value": 23,
          "strict_max": false,
          "strict_min": false
        },
        "meta": {
          "profiler_details": {
            "metric_configuration": {
              "domain_kwargs": {
                "column": "relative_humidity"
              },
              "metric_name": "column.min",
              "metric_value_kwargs": null
            },
            "num_batches": 1
          }
        }
      },
      "meta": {},
      "result": {
        "observed_value": 23
      },
      "success": true
    },
    {
      "exception_info": {
        "exception_message": null,
        "exception_traceback": null,
        "raised_exception": false
      },
      "expectation_config": {
        "expectation_type": "expect_column_max_to_be_between",
        "kwargs": {
          "batch_id": "d3c6261609578adb370c0ddefa2b919b",
          "column": "relative_humidity",
          "max_value": 97,
          "min_value": 97,
          "strict_max": false,
          "strict_min": false
        },
        "meta": {
          "profiler_details": {
            "metric_configuration": {
              "domain_kwargs": {
                "column": "relative_humidity"
              },
              "metric_name": "column.max",
              "metric_value_kwargs": null
            },
            "num_batches": 1
          }
        }
      },
      "meta": {},
      "result": {
        "observed_value": 97
      },
      "success": true
    },
    {
      "exception_info": {
        "exception_message": null,
        "exception_traceback": null,
        "raised_exception": false
      },
      "expectation_config": {
        "expectation_type": "expect_column_values_to_be_between",
        "kwargs": {
          "batch_id": "d3c6261609578adb370c0ddefa2b919b",
          "column": "relative_humidity",
          "max_value": 97,
          "min_value": 23,
          "mostly": 1.0,
          "strict_max": false,
          "strict_min": false
        },
        "meta": {
          "profiler_details": {
            "column_max_values_range_estimator": {
              "metric_configuration": {
                "domain_kwargs": {
                  "column": "relative_humidity"
                },
                "metric_name": "column.max",
                "metric_value_kwargs": null
              },
              "num_batches": 1
            },
            "column_min_values_range_estimator": {
              "metric_configuration": {
                "domain_kwargs": {
                  "column": "relative_humidity"
                },
                "metric_name": "column.min",
                "metric_value_kwargs": null
              },
              "num_batches": 1
            }
          }
        }
      },
      "meta": {},
      "result": {
        "element_count": 528,
        "missing_count": 0,
        "missing_percent": 0.0,
        "partial_unexpected_counts": [],
        "partial_unexpected_index_list": [],
        "partial_unexpected_list": [],
        "unexpected_count": 0,
        "unexpected_percent": 0.0,
        "unexpected_percent_nonmissing": 0.0,
        "unexpected_percent_total": 0.0
      },
      "success": true
    },
    {
      "exception_info": {
        "exception_message": null,
        "exception_traceback": null,
        "raised_exception": false
      },
      "expectation_config": {
        "expectation_type": "expect_column_quantile_values_to_be_between",
        "kwargs": {
          "allow_relative_error": false,
          "batch_id": "d3c6261609578adb370c0ddefa2b919b",
          "column": "relative_humidity",
          "quantile_ranges": {
            "quantiles": [
              0.25,
              0.5,
              0.75
            ],
            "value_ranges": [
              [
                45,
                45
              ],
              [
                58,
                58
              ],
              [
                73,
                73
              ]
            ]
          }
        },
        "meta": {
          "profiler_details": {
            "metric_configuration": {
              "domain_kwargs": {
                "column": "relative_humidity"
              },
              "metric_name": "column.quantile_values",
              "metric_value_kwargs": {
                "allow_relative_error": false,
                "quantiles": [
                  0.25,
                  0.5,
                  0.75
                ]
              }
            },
            "num_batches": 1
          }
        }
      },
      "meta": {},
      "result": {
        "details": {
          "success_details": [
            true,
            true,
            true
          ]
        },
        "observed_value": {
          "quantiles": [
            0.25,
            0.5,
            0.75
          ],
          "values": [
            45,
            58,
            73
          ]
        }
      },
      "success": true
    },
    {
      "exception_info": {
        "exception_message": null,
        "exception_traceback": null,
        "raised_exception": false
      },
      "expectation_config": {
        "expectation_type": "expect_column_median_to_be_between",
        "kwargs": {
          "batch_id": "d3c6261609578adb370c0ddefa2b919b",
          "column": "relative_humidity",
          "max_value": 57.5,
          "min_value": 57.5,
          "strict_max": false,
          "strict_min": false
        },
        "meta": {
          "profiler_details": {
            "metric_configuration": {
              "domain_kwargs": {
                "column": "relative_humidity"
              },
              "metric_name": "column.median",
              "metric_value_kwargs": null
            },
            "num_batches": 1
          }
        }
      },
      "meta": {},
      "result": {
        "observed_value": 57.5
      },
      "success": true
    },
    {
      "exception_info": {
        "exception_message": null,
        "exception_traceback": null,
        "raised_exception": false
      },
      "expectation_config": {
        "expectation_type": "expect_column_mean_to_be_between",
        "kwargs": {
          "batch_id": "d3c6261609578adb370c0ddefa2b919b",
          "column": "relative_humidity",
          "max_value": 58.76704545454545,
          "min_value": 58.76704545454545,
          "strict_max": false,
          "strict_min": false
        },
        "meta": {
          "profiler_details": {
            "metric_configuration": {
              "domain_kwargs": {
                "column": "relative_humidity"
              },
              "metric_name": "column.mean",
              "metric_value_kwargs": null
            },
            "num_batches": 1
          }
        }
      },
      "meta": {},
      "result": {
        "observed_value": 58.76704545454545
      },
      "success": true
    },
    {
      "exception_info": {
        "exception_message": null,
        "exception_traceback": null,
        "raised_exception": false
      },
      "expectation_config": {
        "expectation_type": "expect_column_stdev_to_be_between",
        "kwargs": {
          "batch_id": "d3c6261609578adb370c0ddefa2b919b",
          "column": "relative_humidity",
          "max_value": 17.311102852105762,
          "min_value": 17.311102852105762,
          "strict_max": false,
          "strict_min": false
        },
        "meta": {
          "profiler_details": {
            "metric_configuration": {
              "domain_kwargs": {
                "column": "relative_humidity"
              },
              "metric_name": "column.standard_deviation",
              "metric_value_kwargs": null
            },
            "num_batches": 1
          }
        }
      },
      "meta": {},
      "result": {
        "observed_value": 17.311102852105762
      },
      "success": true
    },
    {
      "exception_info": {
        "exception_message": null,
        "exception_traceback": null,
        "raised_exception": false
      },
      "expectation_config": {
        "expectation_type": "expect_column_values_to_be_in_set",
        "kwargs": {
          "batch_id": "d3c6261609578adb370c0ddefa2b919b",
          "column": "relative_humidity",
          "mostly": 1.0,
          "value_set": [
            23,
            24,
            25,
            27,
            29,
            30,
            31,
            32,
            33,
            34,
            35,
            36,
            37,
            38,
            39,
            40,
            41,
            42,
            43,
            44,
            45,
            46,
            47,
            48,
            49,
            50,
            51,
            52,
            53,
            54,
            55,
            56,
            57,
            58,
            59,
            60,
            61,
            62,
            63,
            64,
            65,
            66,
            67,
            68,
            69,
            70,
            71,
            72,
            73,
            74,
            75,
            76,
            77,
            78,
            79,
            80,
            81,
            82,
            83,
            84,
            85,
            86,
            87,
            88,
            89,
            90,
            91,
            92,
            94,
            95,
            97
          ]
        },
        "meta": {
          "profiler_details": {
            "metric_configuration": {
              "domain_kwargs": {
                "column": "relative_humidity"
              },
              "metric_name": "column.distinct_values",
              "metric_value_kwargs": null
            },
            "num_batches": 1,
            "parse_strings_as_datetimes": false
          }
        }
      },
      "meta": {},
      "result": {
        "element_count": 528,
        "missing_count": 0,
        "missing_percent": 0.0,
        "partial_unexpected_counts": [],
        "partial_unexpected_index_list": [],
        "partial_unexpected_list": [],
        "unexpected_count": 0,
        "unexpected_percent": 0.0,
        "unexpected_percent_nonmissing": 0.0,
        "unexpected_percent_total": 0.0
      },
      "success": true
    },
    {
      "exception_info": {
        "exception_message": null,
        "exception_traceback": null,
        "raised_exception": false
      },
      "expectation_config": {
        "expectation_type": "expect_column_unique_value_count_to_be_between",
        "kwargs": {
          "batch_id": "d3c6261609578adb370c0ddefa2b919b",
          "column": "relative_humidity",
          "max_value": 71,
          "min_value": 71,
          "strict_max": false,
          "strict_min": false
        },
        "meta": {
          "profiler_details": {
            "metric_configuration": {
              "domain_kwargs": {
                "column": "relative_humidity"
              },
              "metric_name": "column.distinct_values.count",
              "metric_value_kwargs": null
            },
            "num_batches": 1
          }
        }
      },
      "meta": {},
      "result": {
        "observed_value": 71
      },
      "success": true
    },
    {
      "exception_info": {
        "exception_message": null,
        "exception_traceback": null,
        "raised_exception": false
      },
      "expectation_config": {
        "expectation_type": "expect_column_proportion_of_unique_values_to_be_between",
        "kwargs": {
          "batch_id": "d3c6261609578adb370c0ddefa2b919b",
          "column": "relative_humidity",
          "max_value": 0.13446969696969696,
          "min_value": 0.13446969696969696,
          "strict_max": false,
          "strict_min": false
        },
        "meta": {
          "profiler_details": {
            "metric_configuration": {
              "domain_kwargs": {
                "column": "relative_humidity"
              },
              "metric_name": "column.unique_proportion",
              "metric_value_kwargs": null
            },
            "num_batches": 1
          }
        }
      },
      "meta": {},
      "result": {
        "observed_value": 0.13446969696969696
      },
      "success": true
    },
    {
      "exception_info": {
        "exception_message": null,
        "exception_traceback": null,
        "raised_exception": false
      },
      "expectation_config": {
        "expectation_type": "expect_column_values_to_not_be_null",
        "kwargs": {
          "batch_id": "d3c6261609578adb370c0ddefa2b919b",
          "column": "rain"
        },
        "meta": {
          "profiler_details": {
            "metric_configuration": {
              "domain_kwargs": {
                "column": "rain"
              },
              "metric_name": "column_values.nonnull.unexpected_count",
              "metric_value_kwargs": null
            },
            "num_batches": 1
          }
        }
      },
      "meta": {},
      "result": {
        "element_count": 528,
        "partial_unexpected_counts": [],
        "partial_unexpected_index_list": [],
        "partial_unexpected_list": [],
        "unexpected_count": 0,
        "unexpected_percent": 0.0
      },
      "success": true
    },
    {
      "exception_info": {
        "exception_message": null,
        "exception_traceback": null,
        "raised_exception": false
      },
      "expectation_config": {
        "expectation_type": "expect_column_min_to_be_between",
        "kwargs": {
          "batch_id": "d3c6261609578adb370c0ddefa2b919b",
          "column": "rain",
          "max_value": 0.0,
          "min_value": 0.0,
          "strict_max": false,
          "strict_min": false
        },
        "meta": {
          "profiler_details": {
            "metric_configuration": {
              "domain_kwargs": {
                "column": "rain"
              },
              "metric_name": "column.min",
              "metric_value_kwargs": null
            },
            "num_batches": 1
          }
        }
      },
      "meta": {},
      "result": {
        "observed_value": 0.0
      },
      "success": true
    },
    {
      "exception_info": {
        "exception_message": null,
        "exception_traceback": null,
        "raised_exception": false
      },
      "expectation_config": {
        "expectation_type": "expect_column_max_to_be_between",
        "kwargs": {
          "batch_id": "d3c6261609578adb370c0ddefa2b919b",
          "column": "rain",
          "max_value": 1.8,
          "min_value": 1.8,
          "strict_max": false,
          "strict_min": false
        },
        "meta": {
          "profiler_details": {
            "metric_configuration": {
              "domain_kwargs": {
                "column": "rain"
              },
              "metric_name": "column.max",
              "metric_value_kwargs": null
            },
            "num_batches": 1
          }
        }
      },
      "meta": {},
      "result": {
        "observed_value": 1.8
      },
      "success": true
    },
    {
      "exception_info": {
        "exception_message": null,
        "exception_traceback": null,
        "raised_exception": false
      },
      "expectation_config": {
        "expectation_type": "expect_column_values_to_be_between",
        "kwargs": {
          "batch_id": "d3c6261609578adb370c0ddefa2b919b",
          "column": "rain",
          "max_value": 1.8,
          "min_value": 0.0,
          "mostly": 1.0,
          "strict_max": false,
          "strict_min": false
        },
        "meta": {
          "profiler_details": {
            "column_max_values_range_estimator": {
              "metric_configuration": {
                "domain_kwargs": {
                  "column": "rain"
                },
                "metric_name": "column.max",
                "metric_value_kwargs": null
              },
              "num_batches": 1
            },
            "column_min_values_range_estimator": {
              "metric_configuration": {
                "domain_kwargs": {
                  "column": "rain"
                },
                "metric_name": "column.min",
                "metric_value_kwargs": null
              },
              "num_batches": 1
            }
          }
        }
      },
      "meta": {},
      "result": {
        "element_count": 528,
        "missing_count": 0,
        "missing_percent": 0.0,
        "partial_unexpected_counts": [],
        "partial_unexpected_index_list": [],
        "partial_unexpected_list": [],
        "unexpected_count": 0,
        "unexpected_percent": 0.0,
        "unexpected_percent_nonmissing": 0.0,
        "unexpected_percent_total": 0.0
      },
      "success": true
    },
    {
      "exception_info": {
        "exception_message": null,
        "exception_traceback": null,
        "raised_exception": false
      },
      "expectation_config": {
        "expectation_type": "expect_column_quantile_values_to_be_between",
        "kwargs": {
          "allow_relative_error": false,
          "batch_id": "d3c6261609578adb370c0ddefa2b919b",
          "column": "rain",
          "quantile_ranges": {
            "quantiles": [
              0.25,
              0.5,
              0.75
            ],
            "value_ranges": [
              [
                0.0,
                0.0
              ],
              [
                0.0,
                0.0
              ],
              [
                0.0,
                0.0
              ]
            ]
          }
        },
        "meta": {
          "profiler_details": {
            "metric_configuration": {
              "domain_kwargs": {
                "column": "rain"
              },
              "metric_name": "column.quantile_values",
              "metric_value_kwargs": {
                "allow_relative_error": false,
                "quantiles": [
                  0.25,
                  0.5,
                  0.75
                ]
              }
            },
            "num_batches": 1
          }
        }
      },
      "meta": {},
      "result": {
        "details": {
          "success_details": [
            true,
            true,
            true
          ]
        },
        "observed_value": {
          "quantiles": [
            0.25,
            0.5,
            0.75
          ],
          "values": [
            0.0,
            0.0,
            0.0
          ]
        }
      },
      "success": true
    },
    {
      "exception_info": {
        "exception_message": null,
        "exception_traceback": null,
        "raised_exception": false
      },
      "expectation_config": {
        "expectation_type": "expect_column_median_to_be_between",
        "kwargs": {
          "batch_id": "d3c6261609578adb370c0ddefa2b919b",
          "column": "rain",
          "max_value": 0.0,
          "min_value": 0.0,
          "strict_max": false,
          "strict_min": false
        },
        "meta": {
          "profiler_details": {
            "metric_configuration": {
              "domain_kwargs": {
                "column": "rain"
              },
              "metric_name": "column.median",
              "metric_value_kwargs": null
            },
            "num_batches": 1
          }
        }
      },
      "meta": {},
      "result": {
        "observed_value": 0.0
      },
      "success": true
    },
    {
      "exception_info": {
        "exception_message": null,
        "exception_traceback": null,
        "raised_exception": false
      },
      "expectation_config": {
        "expectation_type": "expect_column_mean_to_be_between",
        "kwargs": {
          "batch_id": "d3c6261609578adb370c0ddefa2b919b",
          "column": "rain",
          "max_value": 0.021969696969696972,
          "min_value": 0.021969696969696972,
          "strict_max": false,
          "strict_min": false
        },
        "meta": {
          "profiler_details": {
            "metric_configuration": {
              "domain_kwargs": {
                "column": "rain"
              },
              "metric_name": "column.mean",
              "metric_value_kwargs": null
            },
            "num_batches": 1
          }
        }
      },
      "meta": {},
      "result": {
        "observed_value": 0.021969696969696972
      },
      "success": true
    },
    {
      "exception_info": {
        "exception_message": null,
        "exception_traceback": null,
        "raised_exception": false
      },
      "expectation_config": {
        "expectation_type": "expect_column_stdev_to_be_between",
        "kwargs": {
          "batch_id": "d3c6261609578adb370c0ddefa2b919b",
          "column": "rain",
          "max_value": 0.13401656355722558,
          "min_value": 0.13401656355722558,
          "strict_max": false,
          "strict_min": false
        },
        "meta": {
          "profiler_details": {
            "metric_configuration": {
              "domain_kwargs": {
                "column": "rain"
              },
              "metric_name": "column.standard_deviation",
              "metric_value_kwargs": null
            },
            "num_batches": 1
          }
        }
      },
      "meta": {},
      "result": {
        "observed_value": 0.13401656355722558
      },
      "success": true
    },
    {
      "exception_info": {
        "exception_message": null,
        "exception_traceback": null,
        "raised_exception": false
      },
      "expectation_config": {
        "expectation_type": "expect_column_values_to_be_in_set",
        "kwargs": {
          "batch_id": "d3c6261609578adb370c0ddefa2b919b",
          "column": "rain",
          "mostly": 1.0,
          "value_set": [
            0.0,
            0.5,
            0.1,
            0.8,
            0.2,
            0.9,
            1.0,
            1.2,
            1.3,
            1.8
          ]
        },
        "meta": {
          "profiler_details": {
            "metric_configuration": {
              "domain_kwargs": {
                "column": "rain"
              },
              "metric_name": "column.distinct_values",
              "metric_value_kwargs": null
            },
            "num_batches": 1,
            "parse_strings_as_datetimes": false
          }
        }
      },
      "meta": {},
      "result": {
        "element_count": 528,
        "missing_count": 0,
        "missing_percent": 0.0,
        "partial_unexpected_counts": [],
        "partial_unexpected_index_list": [],
        "partial_unexpected_list": [],
        "unexpected_count": 0,
        "unexpected_percent": 0.0,
        "unexpected_percent_nonmissing": 0.0,
        "unexpected_percent_total": 0.0
      },
      "success": true
    },
    {
      "exception_info": {
        "exception_message": null,
        "exception_traceback": null,
        "raised_exception": false
      },
      "expectation_config": {
        "expectation_type": "expect_column_unique_value_count_to_be_between",
        "kwargs": {
          "batch_id": "d3c6261609578adb370c0ddefa2b919b",
          "column": "rain",
          "max_value": 10,
          "min_value": 10,
          "strict_max": false,
          "strict_min": false
        },
        "meta": {
          "profiler_details": {
            "metric_configuration": {
              "domain_kwargs": {
                "column": "rain"
              },
              "metric_name": "column.distinct_values.count",
              "metric_value_kwargs": null
            },
            "num_batches": 1
          }
        }
      },
      "meta": {},
      "result": {
        "observed_value": 10
      },
      "success": true
    },
    {
      "exception_info": {
        "exception_message": null,
        "exception_traceback": null,
        "raised_exception": false
      },
      "expectation_config": {
        "expectation_type": "expect_column_proportion_of_unique_values_to_be_between",
        "kwargs": {
          "batch_id": "d3c6261609578adb370c0ddefa2b919b",
          "column": "rain",
          "max_value": 0.01893939393939394,
          "min_value": 0.01893939393939394,
          "strict_max": false,
          "strict_min": false
        },
        "meta": {
          "profiler_details": {
            "metric_configuration": {
              "domain_kwargs": {
                "column": "rain"
              },
              "metric_name": "column.unique_proportion",
              "metric_value_kwargs": null
            },
            "num_batches": 1
          }
        }
      },
      "meta": {},
      "result": {
        "observed_value": 0.01893939393939394
      },
      "success": true
    },
    {
      "exception_info": {
        "exception_message": null,
        "exception_traceback": null,
        "raised_exception": false
      },
      "expectation_config": {
        "expectation_type": "expect_column_values_to_not_be_null",
        "kwargs": {
          "batch_id": "d3c6261609578adb370c0ddefa2b919b",
          "column": "available_bike_stands"
        },
        "meta": {
          "profiler_details": {
            "metric_configuration": {
              "domain_kwargs": {
                "column": "available_bike_stands"
              },
              "metric_name": "column_values.nonnull.unexpected_count",
              "metric_value_kwargs": null
            },
            "num_batches": 1
          }
        }
      },
      "meta": {},
      "result": {
        "element_count": 528,
        "partial_unexpected_counts": [],
        "partial_unexpected_index_list": [],
        "partial_unexpected_list": [],
        "unexpected_count": 0,
        "unexpected_percent": 0.0
      },
      "success": true
    },
    {
      "exception_info": {
        "exception_message": null,
        "exception_traceback": null,
        "raised_exception": false
      },
      "expectation_config": {
        "expectation_type": "expect_column_min_to_be_between",
        "kwargs": {
          "batch_id": "d3c6261609578adb370c0ddefa2b919b",
          "column": "available_bike_stands",
          "max_value": 0,
          "min_value": 0,
          "strict_max": false,
          "strict_min": false
        },
        "meta": {
          "profiler_details": {
            "metric_configuration": {
              "domain_kwargs": {
                "column": "available_bike_stands"
              },
              "metric_name": "column.min",
              "metric_value_kwargs": null
            },
            "num_batches": 1
          }
        }
      },
      "meta": {},
      "result": {
        "observed_value": 0
      },
      "success": true
    },
    {
      "exception_info": {
        "exception_message": null,
        "exception_traceback": null,
        "raised_exception": false
      },
      "expectation_config": {
        "expectation_type": "expect_column_max_to_be_between",
        "kwargs": {
          "batch_id": "d3c6261609578adb370c0ddefa2b919b",
          "column": "available_bike_stands",
          "max_value": 22,
          "min_value": 22,
          "strict_max": false,
          "strict_min": false
        },
        "meta": {
          "profiler_details": {
            "metric_configuration": {
              "domain_kwargs": {
                "column": "available_bike_stands"
              },
              "metric_name": "column.max",
              "metric_value_kwargs": null
            },
            "num_batches": 1
          }
        }
      },
      "meta": {},
      "result": {
        "observed_value": 22
      },
      "success": true
    },
    {
      "exception_info": {
        "exception_message": null,
        "exception_traceback": null,
        "raised_exception": false
      },
      "expectation_config": {
        "expectation_type": "expect_column_values_to_be_between",
        "kwargs": {
          "batch_id": "d3c6261609578adb370c0ddefa2b919b",
          "column": "available_bike_stands",
          "max_value": 22,
          "min_value": 0,
          "mostly": 1.0,
          "strict_max": false,
          "strict_min": false
        },
        "meta": {
          "profiler_details": {
            "column_max_values_range_estimator": {
              "metric_configuration": {
                "domain_kwargs": {
                  "column": "available_bike_stands"
                },
                "metric_name": "column.max",
                "metric_value_kwargs": null
              },
              "num_batches": 1
            },
            "column_min_values_range_estimator": {
              "metric_configuration": {
                "domain_kwargs": {
                  "column": "available_bike_stands"
                },
                "metric_name": "column.min",
                "metric_value_kwargs": null
              },
              "num_batches": 1
            }
          }
        }
      },
      "meta": {},
      "result": {
        "element_count": 528,
        "missing_count": 0,
        "missing_percent": 0.0,
        "partial_unexpected_counts": [],
        "partial_unexpected_index_list": [],
        "partial_unexpected_list": [],
        "unexpected_count": 0,
        "unexpected_percent": 0.0,
        "unexpected_percent_nonmissing": 0.0,
        "unexpected_percent_total": 0.0
      },
      "success": true
    },
    {
      "exception_info": {
        "exception_message": null,
        "exception_traceback": null,
        "raised_exception": false
      },
      "expectation_config": {
        "expectation_type": "expect_column_quantile_values_to_be_between",
        "kwargs": {
          "allow_relative_error": false,
          "batch_id": "d3c6261609578adb370c0ddefa2b919b",
          "column": "available_bike_stands",
          "quantile_ranges": {
            "quantiles": [
              0.25,
              0.5,
              0.75
            ],
            "value_ranges": [
              [
                7,
                7
              ],
              [
                13,
                13
              ],
              [
                20,
                20
              ]
            ]
          }
        },
        "meta": {
          "profiler_details": {
            "metric_configuration": {
              "domain_kwargs": {
                "column": "available_bike_stands"
              },
              "metric_name": "column.quantile_values",
              "metric_value_kwargs": {
                "allow_relative_error": false,
                "quantiles": [
                  0.25,
                  0.5,
                  0.75
                ]
              }
            },
            "num_batches": 1
          }
        }
      },
      "meta": {},
      "result": {
        "details": {
          "success_details": [
            true,
            true,
            true
          ]
        },
        "observed_value": {
          "quantiles": [
            0.25,
            0.5,
            0.75
          ],
          "values": [
            7,
            13,
            20
          ]
        }
      },
      "success": true
    },
    {
      "exception_info": {
        "exception_message": null,
        "exception_traceback": null,
        "raised_exception": false
      },
      "expectation_config": {
        "expectation_type": "expect_column_median_to_be_between",
        "kwargs": {
          "batch_id": "d3c6261609578adb370c0ddefa2b919b",
          "column": "available_bike_stands",
          "max_value": 13.0,
          "min_value": 13.0,
          "strict_max": false,
          "strict_min": false
        },
        "meta": {
          "profiler_details": {
            "metric_configuration": {
              "domain_kwargs": {
                "column": "available_bike_stands"
              },
              "metric_name": "column.median",
              "metric_value_kwargs": null
            },
            "num_batches": 1
          }
        }
      },
      "meta": {},
      "result": {
        "observed_value": 13.0
      },
      "success": true
    },
    {
      "exception_info": {
        "exception_message": null,
        "exception_traceback": null,
        "raised_exception": false
      },
      "expectation_config": {
        "expectation_type": "expect_column_mean_to_be_between",
        "kwargs": {
          "batch_id": "d3c6261609578adb370c0ddefa2b919b",
          "column": "available_bike_stands",
          "max_value": 12.806818181818182,
          "min_value": 12.806818181818182,
          "strict_max": false,
          "strict_min": false
        },
        "meta": {
          "profiler_details": {
            "metric_configuration": {
              "domain_kwargs": {
                "column": "available_bike_stands"
              },
              "metric_name": "column.mean",
              "metric_value_kwargs": null
            },
            "num_batches": 1
          }
        }
      },
      "meta": {},
      "result": {
        "observed_value": 12.806818181818182
      },
      "success": true
    },
    {
      "exception_info": {
        "exception_message": null,
        "exception_traceback": null,
        "raised_exception": false
      },
      "expectation_config": {
        "expectation_type": "expect_column_stdev_to_be_between",
        "kwargs": {
          "batch_id": "d3c6261609578adb370c0ddefa2b919b",
          "column": "available_bike_stands",
          "max_value": 7.038022979923457,
          "min_value": 7.038022979923457,
          "strict_max": false,
          "strict_min": false
        },
        "meta": {
          "profiler_details": {
            "metric_configuration": {
              "domain_kwargs": {
                "column": "available_bike_stands"
              },
              "metric_name": "column.standard_deviation",
              "metric_value_kwargs": null
            },
            "num_batches": 1
          }
        }
      },
      "meta": {},
      "result": {
        "observed_value": 7.038022979923457
      },
      "success": true
    },
    {
      "exception_info": {
        "exception_message": null,
        "exception_traceback": null,
        "raised_exception": false
      },
      "expectation_config": {
        "expectation_type": "expect_column_values_to_be_in_set",
        "kwargs": {
          "batch_id": "d3c6261609578adb370c0ddefa2b919b",
          "column": "available_bike_stands",
          "mostly": 1.0,
          "value_set": [
            0,
            1,
            2,
            3,
            4,
            5,
            6,
            7,
            8,
            9,
            10,
            11,
            12,
            13,
            14,
            15,
            16,
            17,
            18,
            19,
            20,
            21,
            22
          ]
        },
        "meta": {
          "profiler_details": {
            "metric_configuration": {
              "domain_kwargs": {
                "column": "available_bike_stands"
              },
              "metric_name": "column.distinct_values",
              "metric_value_kwargs": null
            },
            "num_batches": 1,
            "parse_strings_as_datetimes": false
          }
        }
      },
      "meta": {},
      "result": {
        "element_count": 528,
        "missing_count": 0,
        "missing_percent": 0.0,
        "partial_unexpected_counts": [],
        "partial_unexpected_index_list": [],
        "partial_unexpected_list": [],
        "unexpected_count": 0,
        "unexpected_percent": 0.0,
        "unexpected_percent_nonmissing": 0.0,
        "unexpected_percent_total": 0.0
      },
      "success": true
    },
    {
      "exception_info": {
        "exception_message": null,
        "exception_traceback": null,
        "raised_exception": false
      },
      "expectation_config": {
        "expectation_type": "expect_column_unique_value_count_to_be_between",
        "kwargs": {
          "batch_id": "d3c6261609578adb370c0ddefa2b919b",
          "column": "available_bike_stands",
          "max_value": 23,
          "min_value": 23,
          "strict_max": false,
          "strict_min": false
        },
        "meta": {
          "profiler_details": {
            "metric_configuration": {
              "domain_kwargs": {
                "column": "available_bike_stands"
              },
              "metric_name": "column.distinct_values.count",
              "metric_value_kwargs": null
            },
            "num_batches": 1
          }
        }
      },
      "meta": {},
      "result": {
        "observed_value": 23
      },
      "success": true
    },
    {
      "exception_info": {
        "exception_message": null,
        "exception_traceback": null,
        "raised_exception": false
      },
      "expectation_config": {
        "expectation_type": "expect_column_proportion_of_unique_values_to_be_between",
        "kwargs": {
          "batch_id": "d3c6261609578adb370c0ddefa2b919b",
          "column": "available_bike_stands",
          "max_value": 0.043560606060606064,
          "min_value": 0.043560606060606064,
          "strict_max": false,
          "strict_min": false
        },
        "meta": {
          "profiler_details": {
            "metric_configuration": {
              "domain_kwargs": {
                "column": "available_bike_stands"
              },
              "metric_name": "column.unique_proportion",
              "metric_value_kwargs": null
            },
            "num_batches": 1
          }
        }
      },
      "meta": {},
      "result": {
        "observed_value": 0.043560606060606064
      },
      "success": true
    }
  ],
  "statistics": {
    "evaluated_expectations": 43,
    "success_percent": 100.0,
    "successful_expectations": 43,
    "unsuccessful_expectations": 0
  },
  "success": true
}