{
  "data_asset_type": null,
  "expectation_suite_name": "kolesa_suite",
  "expectations": [
    {
      "expectation_type": "expect_table_row_count_to_be_between",
      "kwargs": {
        "max_value": 100000,
        "min_value": 500
      },
      "meta": {
        "profiler_details": {
          "metric_configuration": {
            "domain_kwargs": {},
            "metric_name": "table.row_count",
            "metric_value_kwargs": null
          },
          "num_batches": 1
        }
      }
    },
    {
      "expectation_type": "expect_table_columns_to_match_set",
      "kwargs": {
        "column_set": [
          "banking",
          "bike_stands",
          "position",
          "address",
          "last_update",
          "status",
          "contract_name",
          "number",
          "bonus",
          "available_bike_stands",
          "name",
          "available_bikes"
        ],
        "exact_match": null
      },
      "meta": {
        "profiler_details": {
          "success_ratio": 1.0
        }
      }
    },
    {
      "expectation_type": "expect_column_values_to_not_be_null",
      "kwargs": {
        "column": "available_bike_stands"
      },
      "meta": {
        "profiler_details": {
          "metric_configuration": {
            "domain_kwargs": {
              "column": "available_bike_stands"
            },
            "metric_name": "column_values.nonnull.unexpected_count",
            "metric_value_kwargs": null
          },
          "num_batches": 1
        }
      }
    },
    {
      "expectation_type": "expect_column_min_to_be_between",
      "kwargs": {
        "column": "available_bike_stands",
        "max_value": 100,
        "min_value": 0,
        "strict_max": false,
        "strict_min": false
      },
      "meta": {
        "profiler_details": {
          "metric_configuration": {
            "domain_kwargs": {
              "column": "available_bike_stands"
            },
            "metric_name": "column.min",
            "metric_value_kwargs": null
          },
          "num_batches": 1
        }
      }
    },
    {
      "expectation_type": "expect_column_max_to_be_between",
      "kwargs": {
        "column": "available_bike_stands",
        "max_value": 100,
        "min_value": 0,
        "strict_max": false,
        "strict_min": false
      },
      "meta": {
        "profiler_details": {
          "metric_configuration": {
            "domain_kwargs": {
              "column": "available_bike_stands"
            },
            "metric_name": "column.max",
            "metric_value_kwargs": null
          },
          "num_batches": 1
        }
      }
    }
  ],
  "ge_cloud_id": null,
  "meta": {
    "citations": [
      {
        "citation_date": "2024-04-30T16:40:13.737176Z",
        "comment": "Created by effective Rule-Based Profiler of OnboardingDataAssistant with the configuration included.\n"
      }
    ],
    "great_expectations_version": "0.18.13"
  }
}