{
  "evaluation_parameters": {},
  "meta": {
    "active_batch_definition": {
      "batch_identifiers": {},
      "data_asset_name": "kolesa.csv",
      "data_connector_name": "csv_raw_files",
      "datasource_name": "IIS"
    },
    "batch_markers": {
      "ge_load_time": "20240503T090943.876074Z",
      "pandas_data_fingerprint": "267d64a5e38518b14ee7e93e012246fe"
    },
    "batch_spec": {
      "path": "C:\\Users\\mitja\\Desktop\\in\u017einirstvo\\Druga\\great_expectations\\..\\data\\raw\\kolesa.csv"
    },
    "checkpoint_id": null,
    "checkpoint_name": "kolesa_check",
    "expectation_suite_name": "kolesa_suite",
    "great_expectations_version": "0.18.13",
    "run_id": {
      "run_name": "20240503-090943-my-run-name-template",
      "run_time": "2024-05-03T11:09:43.871370+02:00"
    },
    "validation_id": null,
    "validation_time": "20240503T090943.897840Z"
  },
  "results": [
    {
      "exception_info": {
        "exception_message": null,
        "exception_traceback": null,
        "raised_exception": false
      },
      "expectation_config": {
        "expectation_type": "expect_table_row_count_to_be_between",
        "kwargs": {
          "batch_id": "6a3e7e6d0c8377384ee6dcf1e1b4c2e0",
          "max_value": 100000,
          "min_value": 500
        },
        "meta": {
          "profiler_details": {
            "metric_configuration": {
              "domain_kwargs": {},
              "metric_name": "table.row_count",
              "metric_value_kwargs": null
            },
            "num_batches": 1
          }
        }
      },
      "meta": {},
      "result": {
        "observed_value": 529
      },
      "success": true
    },
    {
      "exception_info": {
        "exception_message": null,
        "exception_traceback": null,
        "raised_exception": false
      },
      "expectation_config": {
        "expectation_type": "expect_table_columns_to_match_set",
        "kwargs": {
          "batch_id": "6a3e7e6d0c8377384ee6dcf1e1b4c2e0",
          "column_set": [
            "banking",
            "bike_stands",
            "position",
            "address",
            "last_update",
            "status",
            "contract_name",
            "number",
            "bonus",
            "available_bike_stands",
            "name",
            "available_bikes"
          ],
          "exact_match": null
        },
        "meta": {
          "profiler_details": {
            "success_ratio": 1.0
          }
        }
      },
      "meta": {},
      "result": {
        "observed_value": [
          "last_update",
          "number",
          "contract_name",
          "name",
          "address",
          "position",
          "banking",
          "bonus",
          "bike_stands",
          "available_bike_stands",
          "available_bikes",
          "status"
        ]
      },
      "success": true
    },
    {
      "exception_info": {
        "exception_message": null,
        "exception_traceback": null,
        "raised_exception": false
      },
      "expectation_config": {
        "expectation_type": "expect_column_values_to_not_be_null",
        "kwargs": {
          "batch_id": "6a3e7e6d0c8377384ee6dcf1e1b4c2e0",
          "column": "available_bike_stands"
        },
        "meta": {
          "profiler_details": {
            "metric_configuration": {
              "domain_kwargs": {
                "column": "available_bike_stands"
              },
              "metric_name": "column_values.nonnull.unexpected_count",
              "metric_value_kwargs": null
            },
            "num_batches": 1
          }
        }
      },
      "meta": {},
      "result": {
        "element_count": 529,
        "partial_unexpected_counts": [],
        "partial_unexpected_index_list": [],
        "partial_unexpected_list": [],
        "unexpected_count": 0,
        "unexpected_percent": 0.0
      },
      "success": true
    },
    {
      "exception_info": {
        "exception_message": null,
        "exception_traceback": null,
        "raised_exception": false
      },
      "expectation_config": {
        "expectation_type": "expect_column_min_to_be_between",
        "kwargs": {
          "batch_id": "6a3e7e6d0c8377384ee6dcf1e1b4c2e0",
          "column": "available_bike_stands",
          "max_value": 100,
          "min_value": 0,
          "strict_max": false,
          "strict_min": false
        },
        "meta": {
          "profiler_details": {
            "metric_configuration": {
              "domain_kwargs": {
                "column": "available_bike_stands"
              },
              "metric_name": "column.min",
              "metric_value_kwargs": null
            },
            "num_batches": 1
          }
        }
      },
      "meta": {},
      "result": {
        "observed_value": 0
      },
      "success": true
    },
    {
      "exception_info": {
        "exception_message": null,
        "exception_traceback": null,
        "raised_exception": false
      },
      "expectation_config": {
        "expectation_type": "expect_column_max_to_be_between",
        "kwargs": {
          "batch_id": "6a3e7e6d0c8377384ee6dcf1e1b4c2e0",
          "column": "available_bike_stands",
          "max_value": 100,
          "min_value": 0,
          "strict_max": false,
          "strict_min": false
        },
        "meta": {
          "profiler_details": {
            "metric_configuration": {
              "domain_kwargs": {
                "column": "available_bike_stands"
              },
              "metric_name": "column.max",
              "metric_value_kwargs": null
            },
            "num_batches": 1
          }
        }
      },
      "meta": {},
      "result": {
        "observed_value": 22
      },
      "success": true
    }
  ],
  "statistics": {
    "evaluated_expectations": 5,
    "success_percent": 100.0,
    "successful_expectations": 5,
    "unsuccessful_expectations": 0
  },
  "success": true
}