time,temperature_2m,relative_humidity_2m,dew_point_2m,apparent_temperature,precipitation_probability,rain,surface_pressure
2024-03-30 16:00:00,21.6,41,7.8,19.8,0,0.00,975.6
2024-03-30 17:00:00,20.1,39,5.7,18.1,0,0.00,975.4
2024-03-30 18:00:00,17.9,40,4.1,15.6,0,0.00,975.6
2024-03-30 19:00:00,16.7,49,5.9,15.3,0,0.00,975.8
2024-03-30 20:00:00,14.8,55,5.9,13.1,0,0.00,975.7
2024-03-30 21:00:00,13.6,65,7.1,12.1,0,0.00,976.0
2024-03-30 22:00:00,13.1,66,6.9,11.5,0,0.00,976.0
2024-03-30 23:00:00,12.4,71,7.3,11.0,0,0.00,976.2
2024-03-31 00:00:00,12.3,75,8.0,10.7,0,0.00,975.3
2024-03-31 01:00:00,11.6,74,7.1,9.8,0,0.00,975.4
2024-03-31 02:00:00,11.4,73,6.7,9.4,0,0.00,975.7
2024-03-31 03:00:00,11.9,64,5.3,9.3,0,0.00,975.7
2024-03-31 04:00:00,11.3,65,5.0,8.9,0,0.00,975.0
2024-03-31 05:00:00,11.5,65,5.2,8.4,0,0.00,974.7
2024-03-31 06:00:00,12.7,61,5.3,9.8,0,0.00,974.1
2024-03-31 07:00:00,14.4,58,6.2,11.6,0,0.00,975.1
2024-03-31 08:00:00,16.2,54,6.9,13.2,0,0.00,975.4
2024-03-31 09:00:00,17.7,51,7.4,14.6,0,0.00,975.4
2024-03-31 10:00:00,21.0,41,7.3,19.5,0,0.00,975.7
2024-03-31 11:00:00,21.9,36,6.1,18.8,0,0.00,975.7
2024-03-31 12:00:00,21.1,40,6.9,18.4,0,0.00,975.7
2024-03-31 13:00:00,20.5,43,7.5,16.6,0,0.00,975.1
2024-03-31 14:00:00,19.5,52,9.4,17.8,0,0.10,975.1
2024-03-31 15:00:00,19.4,52,9.3,17.1,0,0.00,975.7
2024-03-31 16:00:00,18.8,55,9.5,17.1,0,0.00,975.1
2024-03-31 17:00:00,17.5,58,9.2,15.3,0,0.00,975.1
2024-03-31 18:00:00,16.9,58,8.5,14.6,0,0.00,974.9
2024-03-31 19:00:00,15.8,65,9.2,14.9,0,0.00,975.8
2024-03-31 20:00:00,14.9,71,9.7,14.4,0,0.00,976.4
2024-03-31 21:00:00,14.6,72,9.6,13.0,0,0.00,975.9
2024-03-31 22:00:00,13.7,78,9.9,12.5,0,0.00,976.2
2024-03-31 23:00:00,13.3,82,10.3,12.1,0,0.00,975.4
2024-04-01 00:00:00,13.3,79,9.7,12.5,0,0.00,974.2
2024-04-01 01:00:00,14.1,75,9.7,12.3,0,0.00,974.4
2024-04-01 02:00:00,14.2,75,9.8,11.7,0,0.00,973.9
2024-04-01 03:00:00,14.3,75,9.9,11.2,0,0.00,971.7
2024-04-01 04:00:00,14.0,76,9.9,12.0,0,0.00,971.3
2024-04-01 05:00:00,15.3,70,9.9,12.6,0,0.00,972.2
2024-04-01 06:00:00,16.0,65,9.4,13.2,0,0.00,971.5
2024-04-01 07:00:00,17.7,56,8.8,14.9,0,0.00,971.8
2024-04-01 08:00:00,20.9,41,7.1,19.1,0,0.00,971.8
2024-04-01 09:00:00,23.9,27,3.8,20.6,0,0.00,971.5
2024-04-01 10:00:00,23.2,37,7.7,20.8,0,0.00,972.0
2024-04-01 11:00:00,24.1,36,8.1,22.1,0,0.00,971.4
2024-04-01 12:00:00,24.4,34,7.5,21.8,0,0.00,971.4
2024-04-01 13:00:00,24.7,34,7.8,22.2,0,0.00,969.5
2024-04-01 14:00:00,24.2,33,6.9,20.3,0,0.00,968.9
2024-04-01 15:00:00,22.1,41,8.2,17.7,0,0.00,968.3
2024-04-01 16:00:00,20.3,49,9.3,17.1,8,0.00,968.9
2024-04-01 17:00:00,18.6,52,8.5,16.5,15,0.00,969.6
2024-04-01 18:00:00,14.9,57,6.4,10.5,23,0.00,970.7
2024-04-01 19:00:00,12.8,66,6.6,8.8,42,0.00,971.3
2024-04-01 20:00:00,12.4,65,6.0,9.7,62,1.20,971.5
2024-04-01 21:00:00,11.0,74,6.6,8.7,81,0.50,972.4
2024-04-01 22:00:00,10.6,82,7.6,8.9,87,1.30,973.3
2024-04-01 23:00:00,10.7,77,6.8,9.2,94,0.90,973.8
2024-04-02 00:00:00,10.7,71,5.7,9.4,100,0.80,974.0
2024-04-02 01:00:00,10.0,88,8.1,8.8,89,0.80,975.8
2024-04-02 02:00:00,9.8,88,7.9,8.7,79,0.20,976.3
2024-04-02 03:00:00,10.0,76,6.0,8.6,68,0.00,976.1
2024-04-02 04:00:00,10.1,70,4.9,8.4,45,0.00,976.7
2024-04-02 05:00:00,9.9,69,4.4,7.6,23,0.00,977.5
2024-04-02 06:00:00,10.6,68,5.0,8.4,0,0.00,978.2
2024-04-02 07:00:00,12.3,63,5.4,9.3,0,0.00,979.3
2024-04-02 08:00:00,14.2,53,4.7,10.8,0,0.00,980.1
2024-04-02 09:00:00,15.8,38,1.5,12.0,0,0.00,980.5
2024-04-02 10:00:00,16.8,32,0.0,13.4,20,0.00,980.8
2024-04-02 11:00:00,17.7,30,-0.1,14.3,41,0.00,980.6
2024-04-02 12:00:00,16.2,56,7.4,13.5,61,0.00,981.1
2024-04-02 13:00:00,16.9,45,4.9,13.7,74,0.00,979.9
2024-04-02 14:00:00,13.4,58,5.3,9.3,87,0.00,981.3
2024-04-02 15:00:00,13.5,52,3.8,10.6,100,0.00,981.5
2024-04-02 16:00:00,13.2,56,4.6,9.7,95,0.00,981.3
2024-04-02 17:00:00,12.9,55,4.1,9.6,89,0.00,981.9
2024-04-02 18:00:00,12.2,52,2.6,10.1,84,0.00,982.5
2024-04-02 19:00:00,11.0,63,4.2,9.3,58,0.00,983.4
2024-04-02 20:00:00,10.5,59,2.8,8.5,32,0.00,983.2
2024-04-02 21:00:00,8.2,81,5.1,6.8,6,0.00,983.5
2024-04-02 22:00:00,7.2,92,6.0,5.7,4,0.00,983.9
2024-04-02 23:00:00,6.4,97,6.0,5.1,2,0.00,983.9
2024-04-03 00:00:00,5.9,92,4.7,4.4,0,0.00,984.0
2024-04-03 01:00:00,5.2,94,4.3,3.7,0,0.00,983.8
2024-04-03 02:00:00,6.4,77,2.6,4.4,0,0.00,983.5
2024-04-03 03:00:00,6.5,73,2.0,4.5,0,0.00,982.7
2024-04-03 04:00:00,4.6,88,2.8,2.6,0,0.00,983.2
2024-04-03 05:00:00,4.6,87,2.6,2.8,0,0.00,983.2
2024-04-03 06:00:00,5.0,89,3.4,3.1,0,0.00,983.1
2024-04-03 07:00:00,7.4,76,3.5,5.6,0,0.00,983.2
2024-04-03 08:00:00,9.9,64,3.4,8.1,0,0.00,983.2
2024-04-03 09:00:00,12.3,62,5.2,10.2,0,0.00,983.2
2024-04-03 10:00:00,14.7,58,6.5,13.3,0,0.00,982.3
2024-04-03 11:00:00,16.5,50,6.0,15.1,0,0.00,981.6
2024-04-03 12:00:00,16.7,41,3.4,13.3,0,0.00,981.5
2024-04-03 13:00:00,16.0,44,3.7,12.5,0,0.00,981.1
2024-04-03 14:00:00,15.6,47,4.3,12.3,0,0.00,981.0
2024-04-03 15:00:00,15.2,45,3.4,12.3,0,0.00,981.0
2024-04-03 16:00:00,14.6,45,2.8,12.1,0,0.00,980.9
2024-04-03 17:00:00,13.9,51,3.9,12.2,0,0.00,981.0
2024-04-03 18:00:00,13.0,51,3.1,11.0,0,0.00,981.2
2024-04-03 19:00:00,11.6,54,2.6,9.5,0,0.00,981.3
2024-04-03 20:00:00,11.8,50,1.7,8.8,0,0.00,981.5
2024-04-03 21:00:00,13.0,46,1.6,9.2,0,0.00,981.9
2024-04-03 22:00:00,13.1,45,1.4,8.9,0,0.00,982.8
2024-04-03 23:00:00,13.1,47,2.0,9.1,0,0.00,983.3
2024-04-04 00:00:00,13.2,48,2.4,9.3,0,0.00,983.6
2024-04-04 01:00:00,12.6,51,2.7,9.0,0,0.00,984.0
2024-04-04 02:00:00,12.3,55,3.5,9.1,0,0.00,984.3
2024-04-04 03:00:00,12.1,59,4.3,9.3,0,0.00,984.7
2024-04-04 04:00:00,11.3,61,4.0,9.2,0,0.00,984.0
2024-04-04 05:00:00,10.8,63,4.0,8.7,0,0.00,984.6
2024-04-04 06:00:00,11.4,62,4.3,9.0,0,0.00,985.1
2024-04-04 07:00:00,12.8,61,5.5,11.0,0,0.00,985.7
2024-04-04 08:00:00,14.1,58,5.9,12.4,0,0.00,986.1
2024-04-04 09:00:00,15.2,55,6.2,13.5,0,0.00,986.2
2024-04-04 10:00:00,17.8,45,5.7,16.4,0,0.00,986.0
2024-04-04 11:00:00,19.3,42,6.0,18.1,0,0.00,985.8
2024-04-04 12:00:00,20.2,38,5.4,18.3,0,0.00,985.4
2024-04-04 13:00:00,20.5,40,6.4,18.2,0,0.00,984.5
2024-04-04 14:00:00,20.9,40,6.8,18.7,0,0.00,984.1
2024-04-04 15:00:00,21.0,38,6.1,18.0,0,0.00,983.6
2024-04-04 16:00:00,19.8,39,5.4,16.7,0,0.00,983.2
2024-04-04 17:00:00,18.6,40,4.7,16.2,0,0.00,983.5
2024-04-04 18:00:00,18.1,41,4.6,16.4,0,0.00,983.3
2024-04-04 19:00:00,15.9,54,6.6,14.6,0,0.00,984.1
2024-04-04 20:00:00,14.5,62,7.3,13.5,0,0.00,984.9
2024-04-04 21:00:00,13.1,70,7.8,12.3,0,0.00,985.1
2024-04-04 22:00:00,14.0,56,5.4,12.6,0,0.00,985.3
2024-04-04 23:00:00,11.7,66,5.6,9.9,0,0.00,986.5
2024-04-05 00:00:00,10.1,74,5.6,8.3,0,0.00,986.9
2024-04-05 01:00:00,11.0,70,5.8,9.4,0,0.00,987.5
2024-04-05 02:00:00,10.2,75,5.9,8.9,0,0.00,988.1
2024-04-05 03:00:00,10.3,71,5.3,8.6,0,0.00,988.0
2024-04-05 04:00:00,10.6,69,5.2,9.0,0,0.00,988.4
2024-04-05 05:00:00,9.0,78,5.4,7.6,0,0.00,989.1
2024-04-05 06:00:00,9.6,80,6.3,8.3,0,0.00,989.7
2024-04-05 07:00:00,11.3,68,5.6,9.8,0,0.00,990.4
2024-04-05 08:00:00,14.2,66,8.0,13.3,0,0.00,990.2
2024-04-05 09:00:00,19.0,52,8.9,17.7,0,0.00,989.9
2024-04-05 10:00:00,21.0,40,6.9,18.7,0,0.00,989.5
2024-04-05 11:00:00,21.8,34,5.2,19.4,0,0.00,989.2
2024-04-05 12:00:00,22.0,36,6.3,19.6,0,0.00,988.8
2024-04-05 13:00:00,23.3,36,7.4,22.0,0,0.00,987.9
2024-04-05 14:00:00,23.4,38,8.2,20.9,0,0.00,987.3
2024-04-05 15:00:00,23.1,38,8.0,20.2,0,0.00,987.1
2024-04-05 16:00:00,22.2,41,8.3,20.1,0,0.00,987.2
2024-04-05 17:00:00,20.6,45,8.3,19.6,0,0.00,986.6
2024-04-05 18:00:00,18.9,48,7.7,18.0,0,0.00,986.7
2024-04-05 19:00:00,16.5,57,8.0,15.8,0,0.00,987.4
2024-04-05 20:00:00,14.3,72,9.3,13.6,0,0.00,987.9
2024-04-05 21:00:00,14.1,72,9.1,13.4,0,0.00,988.1
2024-04-05 22:00:00,15.9,57,7.4,15.0,0,0.00,987.8
2024-04-05 23:00:00,13.3,74,8.8,12.5,0,0.00,987.3
2024-04-06 00:00:00,11.0,89,9.3,10.6,0,0.00,987.7
2024-04-06 01:00:00,10.5,88,8.6,9.6,0,0.00,988.6
2024-04-06 02:00:00,10.8,84,8.2,10.2,0,0.00,988.6
2024-04-06 03:00:00,10.7,86,8.4,9.7,0,0.00,987.9
2024-04-06 04:00:00,9.2,94,8.3,8.3,0,0.00,988.5
2024-04-06 05:00:00,9.7,88,7.8,8.6,0,0.00,988.5
2024-04-06 06:00:00,11.2,82,8.2,10.2,0,0.00,989.2
2024-04-06 07:00:00,13.5,74,9.0,12.9,0,0.00,989.1
2024-04-06 08:00:00,16.1,61,8.5,14.8,0,0.00,989.6
2024-04-06 09:00:00,19.3,57,10.5,18.9,0,0.00,989.4
2024-04-06 10:00:00,21.9,49,10.7,21.7,0,0.00,989.9
2024-04-06 11:00:00,23.8,46,11.5,24.2,0,0.00,989.2
2024-04-06 12:00:00,25.2,36,9.1,24.2,0,0.00,988.1
2024-04-06 13:00:00,26.1,33,8.6,24.5,0,0.00,988.0
2024-04-06 14:00:00,26.8,34,9.6,25.9,0,0.00,987.2
2024-04-06 15:00:00,27.1,30,8.0,25.3,0,0.00,986.6
2024-04-06 16:00:00,26.2,36,10.0,25.6,0,0.00,986.4
2024-04-06 17:00:00,23.7,52,13.3,24.2,0,0.00,986.8
2024-04-06 18:00:00,21.4,56,12.2,21.8,0,0.00,987.4
2024-04-06 19:00:00,19.2,57,10.4,19.2,0,0.00,987.8
2024-04-06 20:00:00,18.0,59,9.9,17.9,0,0.00,988.3
2024-04-06 21:00:00,16.0,68,10.1,15.8,0,0.00,988.9
2024-04-06 22:00:00,15.7,67,9.6,15.4,0,0.00,988.4
2024-04-06 23:00:00,15.1,66,8.8,14.4,0,0.00,988.4
2024-04-07 00:00:00,13.3,78,9.6,12.7,0,0.00,988.7
2024-04-07 01:00:00,13.5,78,9.7,13.3,0,0.00,988.7
2024-04-07 02:00:00,12.1,84,9.4,11.8,0,0.00,988.3
2024-04-07 03:00:00,12.5,81,9.3,12.1,0,0.00,988.5
2024-04-07 04:00:00,12.5,80,9.2,12.1,0,0.00,988.7
2024-04-07 05:00:00,11.8,83,9.0,11.2,0,0.00,989.0
2024-04-07 06:00:00,13.1,78,9.3,12.6,0,0.00,989.0
2024-04-07 07:00:00,14.7,71,9.5,14.0,0,0.00,989.1
2024-04-07 08:00:00,17.6,58,9.3,16.9,0,0.00,989.7
2024-04-07 09:00:00,21.2,49,10.1,20.9,0,0.00,990.1
2024-04-07 10:00:00,23.5,43,10.2,23.0,0,0.00,989.9
2024-04-07 11:00:00,25.0,34,8.0,23.9,0,0.00,989.4
2024-04-07 12:00:00,25.9,38,10.5,25.5,0,0.00,989.1
2024-04-07 13:00:00,26.6,44,13.3,26.6,0,0.00,988.9
2024-04-07 14:00:00,26.5,44,13.3,25.8,0,0.0,988.4
2024-04-07 15:00:00,26.9,33,9.2,24.8,0,0.0,988.4
2024-04-07 16:00:00,25.7,36,9.5,23.5,0,0.0,988.3
2024-04-07 17:00:00,24.3,47,12.3,23.3,0,0.0,988.0
2024-04-07 18:00:00,22.0,55,12.5,21.5,0,0.0,988.0
2024-04-07 19:00:00,19.8,55,10.5,19.3,0,0.0,988.4
2024-04-07 20:00:00,18.8,58,10.4,18.5,0,0.0,988.4
2024-04-07 21:00:00,17.7,62,10.3,17.5,0,0.0,988.6
2024-04-07 22:00:00,17.6,58,9.3,17.2,0,0.0,988.2
2024-04-07 23:00:00,17.3,63,10.2,17.1,0,0.0,988.1
2024-04-08 01:00:00,15.4,71,10.1,15.1,0,0.0,987.4
2024-04-08 02:00:00,16.0,61,8.4,15.4,0,0.0,987.3
2024-04-08 03:00:00,14.5,69,8.9,13.8,0,0.0,987.2
2024-04-08 04:00:00,13.6,83,10.7,13.6,0,0.0,986.9
2024-04-08 05:00:00,13.3,83,10.5,13.4,0,0.0,987.3
2024-04-08 06:00:00,13.6,82,10.6,13.4,0,0.0,987.3
2024-04-08 07:00:00,15.1,75,10.7,14.9,0,0.0,987.4
2024-04-08 08:00:00,17.9,65,11.2,17.6,0,0.0,987.6
2024-04-08 09:00:00,22.0,57,13.1,21.6,0,0.0,987.4
2024-04-08 10:00:00,24.5,47,12.5,23.2,0,0.0,986.6
2024-04-08 11:00:00,26.8,40,12.0,26.4,0,0.0,985.8
2024-04-08 12:00:00,28.0,30,8.8,26.5,0,0.0,985.5
2024-04-08 13:00:00,27.9,35,11.0,26.7,0,0.0,984.9
2024-04-08 14:00:00,27.5,36,11.1,25.9,0,0.0,984.6
2024-04-08 15:00:00,27.3,34,10.0,25.4,0,0.0,984.2
2024-04-08 16:00:00,26.2,31,7.7,24.2,0,0.0,984.0
2024-04-08 17:00:00,25.3,31,6.9,23.7,0,0.0,983.3
2024-04-08 18:00:00,21.6,47,9.8,20.6,0,0.0,983.2
2024-04-08 19:00:00,20.1,47,8.4,18.9,0,0.0,983.1
2024-04-08 20:00:00,19.9,47,8.3,19.0,0,0.0,983.0
2024-04-08 21:00:00,18.5,58,10.0,18.0,0,0.0,983.2
2024-04-08 22:00:00,16.8,70,11.3,16.8,0,0.0,982.7
2024-04-08 23:00:00,16.9,67,10.7,16.7,0,0.0,982.2
2024-04-09 01:00:00,15.6,70,10.1,15.6,0,0.0,981.9
2024-04-09 02:00:00,14.5,69,8.9,14.2,0,0.0,981.9
2024-04-09 03:00:00,13.9,72,8.9,13.6,0,0.0,981.5
2024-04-09 04:00:00,13.1,72,8.1,12.4,0,0.0,981.4
2024-04-09 05:00:00,12.9,69,7.4,11.7,0,0.0,981.0
2024-04-09 06:00:00,14.3,69,8.7,13.4,0,0.0,980.8
2024-04-09 07:00:00,17.1,62,9.8,16.6,0,0.0,980.7
2024-04-09 08:00:00,21.7,47,9.9,20.8,0,0.0,981.2
2024-04-09 09:00:00,24.4,35,8.0,23.3,0,0.0,981.1
2024-04-09 10:00:00,26.8,25,5.1,25.4,0,0.0,980.9
2024-04-09 11:00:00,26.8,29,7.3,26.7,0,0.0,980.6
2024-04-09 12:00:00,28.0,27,7.3,27.7,0,0.0,980.4
2024-04-09 13:00:00,28.8,24,6.2,28.2,0,0.0,980.0
2024-04-09 14:00:00,28.5,23,5.4,26.2,0,0.0,979.9
2024-04-09 15:00:00,27.3,30,8.2,25.3,0,0.0,980.0
2024-04-09 16:00:00,25.9,34,8.9,24.8,0,0.0,980.2
2024-04-09 17:00:00,24.3,39,9.5,23.8,0,0.0,980.0
2024-04-09 18:00:00,21.9,45,9.4,21.3,0,0.0,980.3
2024-04-09 19:00:00,20.1,50,9.4,19.5,0,0.0,980.7
2024-04-09 20:00:00,19.5,48,8.2,18.7,0,0.0,980.8
2024-04-09 21:00:00,18.0,54,8.6,17.3,0,0.0,981.1
2024-04-09 22:00:00,16.8,61,9.2,16.0,0,0.0,981.3
2024-04-09 23:00:00,16.7,61,9.1,15.9,0,0.0,981.4
2024-04-10 01:00:00,15.4,57,6.9,13.7,0,0.0,982.7
2024-04-10 02:00:00,16.0,63,9.0,14.7,0,0.0,983.7
2024-04-10 03:00:00,15.2,67,9.1,13.4,0,0.0,985.0
2024-04-10 04:00:00,14.3,71,9.1,13.6,0,0.0,986.8
2024-04-10 05:00:00,14.1,72,9.1,13.4,0,0.0,986.7
2024-04-10 06:00:00,14.1,72,9.1,13.4,0,0.0,987.3
2024-04-10 07:00:00,14.6,68,8.8,13.6,0,0.0,988.0
2024-04-10 08:00:00,15.3,61,7.8,13.8,0,0.0,989.8
2024-04-10 09:00:00,16.4,53,6.8,13.8,0,0.0,990.4
2024-04-10 10:00:00,17.3,41,3.9,13.9,0,0.0,990.8
2024-04-10 11:00:00,16.9,41,3.6,13.2,0,0.0,991.4
2024-04-10 12:00:00,17.5,38,3.0,13.3,0,0.0,991.9
2024-04-10 13:00:00,17.7,37,2.8,13.5,0,0.0,992.1
2024-04-10 14:00:00,17.6,37,2.7,13.0,0,0.0,992.0
2024-04-10 15:00:00,17.2,39,3.1,12.8,0,0.0,992.4
2024-04-10 16:00:00,16.5,40,2.8,12.3,0,0.0,992.7
2024-04-10 17:00:00,15.6,42,2.7,12.0,0,0.0,993.6
2024-04-10 18:00:00,14.5,47,3.3,12.0,0,0.0,994.5
2024-04-10 19:00:00,13.4,55,4.5,11.5,0,0.0,995.4
2024-04-10 20:00:00,12.8,55,4.0,11.1,0,0.0,996.6
2024-04-10 21:00:00,12.0,60,4.5,10.3,0,0.0,997.3
2024-04-10 22:00:00,11.4,66,5.2,9.9,0,0.0,997.4
2024-04-10 23:00:00,10.6,65,4.3,8.9,0,0.0,997.6
2024-04-11 01:00:00,9.0,72,4.2,7.1,0,0.0,998.3
2024-04-11 02:00:00,8.5,75,4.3,6.6,0,0.0,998.8
2024-04-11 03:00:00,8.5,73,3.9,6.3,0,0.0,998.8
2024-04-11 04:00:00,9.2,70,4.0,7.1,0,0.0,998.9
2024-04-11 05:00:00,8.6,74,4.2,6.5,0,0.0,999.1
2024-04-11 06:00:00,10.5,68,4.9,8.6,0,0.0,999.4
2024-04-11 07:00:00,13.0,55,4.2,10.9,0,0.0,999.9
2024-04-11 08:00:00,14.6,50,4.3,12.3,0,0.0,1000.6
2024-04-11 09:00:00,15.9,47,4.6,13.4,0,0.0,1000.8
2024-04-11 10:00:00,17.0,44,4.6,15.0,0,0.0,1000.5
2024-04-11 11:00:00,18.2,43,5.4,16.6,0,0.0,999.7
2024-04-11 12:00:00,18.9,46,7.0,18.0,0,0.0,999.6
2024-04-11 13:00:00,19.6,46,7.7,18.7,0,0.0,999.0
2024-04-11 14:00:00,19.8,48,8.5,18.5,0,0.0,998.9
2024-04-11 15:00:00,19.9,48,8.6,18.6,0,0.0,998.7
2024-04-11 16:00:00,19.6,49,8.6,18.3,0,0.0,998.6
2024-04-11 17:00:00,19.1,48,7.8,17.7,0,0.0,998.4
2024-04-11 18:00:00,17.6,58,9.2,16.7,0,0.0,999.2
2024-04-11 19:00:00,16.2,64,9.4,15.8,0,0.0,999.9
2024-04-11 20:00:00,15.6,64,8.8,14.9,0,0.0,1000.3
2024-04-11 21:00:00,15.0,66,8.7,14.4,0,0.0,1000.3
2024-04-11 22:00:00,12.9,73,8.1,11.8,0,0.0,1000.6
2024-04-11 23:00:00,11.3,79,7.8,10.0,0,0.0,1000.6
2024-04-12 01:00:00,10.2,77,6.4,8.7,0,0.0,1000.7
2024-04-12 02:00:00,9.6,79,6.2,8.1,0,0.0,1000.8
2024-04-12 03:00:00,9.8,78,6.1,8.3,0,0.0,1000.6
2024-04-12 04:00:00,9.3,80,6.0,7.8,0,0.0,1000.5
2024-04-12 05:00:00,9.5,79,6.1,8.1,0,0.0,1000.4
2024-04-12 06:00:00,11.3,73,6.6,10.3,0,0.0,1001.0
2024-04-12 07:00:00,13.5,63,6.6,12.2,0,0.0,1001.3
2024-04-12 08:00:00,15.9,58,7.6,14.8,0,0.0,1001.7
2024-04-12 09:00:00,17.9,51,7.6,16.9,0,0.0,1001.5
2024-04-12 10:00:00,19.3,51,8.9,18.8,0,0.0,1001.1
2024-04-12 11:00:00,20.5,48,9.1,20.4,0,0.0,1000.1
2024-04-12 12:00:00,21.3,47,9.5,21.3,0,0.0,999.4
2024-04-12 13:00:00,21.9,46,9.7,21.4,0,0.0,998.6
2024-04-12 14:00:00,22.1,45,9.6,21.1,0,0.0,997.7
2024-04-12 15:00:00,22.0,45,9.5,20.7,0,0.0,997.3
2024-04-12 16:00:00,21.6,47,9.8,20.4,0,0.0,997.0
2024-04-12 17:00:00,20.8,47,9.1,19.3,0,0.0,996.6
2024-04-12 18:00:00,19.1,59,10.9,18.8,0,0.0,996.9
2024-04-12 19:00:00,17.9,63,10.7,18.0,0,0.0,997.5
2024-04-12 20:00:00,15.4,70,9.9,15.0,0,0.0,997.9
2024-04-12 21:00:00,13.8,76,9.6,13.2,0,0.0,998.0
2024-04-12 22:00:00,13.4,77,9.5,12.9,0,0.0,997.8
2024-04-12 23:00:00,13.3,78,9.6,12.7,0,0.0,997.8
2024-04-13 00:00:00,13.0,79,9.5,12.2,0,0.0,997.7
2024-04-13 01:00:00,10.7,91,9.3,9.8,0,0.0,997.6
2024-04-13 02:00:00,10.9,90,9.3,10.3,0,0.0,997.6
2024-04-13 03:00:00,11.1,86,8.9,10.4,0,0.0,997.7
2024-04-13 04:00:00,11.1,85,8.6,10.3,0,0.0,997.1
2024-04-13 05:00:00,11.0,87,8.9,10.1,0,0.0,997.6
2024-04-13 06:00:00,13.0,83,10.2,12.6,0,0.0,997.5
2024-04-13 07:00:00,16.7,77,12.6,17.2,0,0.0,998.0
2024-04-13 08:00:00,18.7,66,12.2,19.2,0,0.0,998.4
2024-04-13 09:00:00,20.9,59,12.6,21.9,0,0.0,998.2
2024-04-13 10:00:00,22.2,56,13.0,23.8,0,0.0,998.0
2024-04-13 11:00:00,23.3,47,11.4,23.9,0,0.0,997.2
2024-04-13 12:00:00,24.2,40,9.7,24.3,0,0.0,996.3
2024-04-13 13:00:00,24.6,40,10.1,24.1,0,0.0,995.6
2024-04-13 14:00:00,24.7,39,9.8,23.4,0,0.0,994.7
2024-04-13 15:00:00,24.9,37,9.2,22.9,0,0.0,994.2
2024-04-13 16:00:00,24.5,43,11.1,22.9,0,0.0,993.7
2024-04-13 17:00:00,23.3,45,10.7,21.7,0,0.0,993.1
2024-04-13 18:00:00,21.3,51,10.7,20.6,0,0.0,993.1
2024-04-13 19:00:00,19.8,56,10.8,19.8,0,0.0,993.4
2024-04-13 20:00:00,16.5,70,11.0,16.3,0,0.0,993.3
2024-04-13 21:00:00,15.7,65,9.1,15.2,0,0.0,993.1
2024-04-13 22:00:00,15.8,61,8.3,15.1,0,0.0,993.3
2024-04-13 23:00:00,15.2,65,8.7,14.5,0,0.0,993.1
2024-04-14 01:00:00,12.3,77,8.4,11.4,0,0.0,992.0
2024-04-14 03:00:00,13.3,68,7.5,12.4,0,0.0,991.5
2024-04-14 04:00:00,11.4,80,8.0,10.5,0,0.0,991.2
2024-04-14 06:00:00,12.4,73,7.7,11.3,0,0.0,991.1
2024-04-14 08:00:00,18.5,63,11.3,18.3,0,0.0,991.3
2024-04-14 11:00:00,27.5,37,11.5,28.6,0,0.0,989.7
2024-04-14 14:00:00,31.1,23,7.5,29.9,0,0.0,986.7
2024-04-14 22:00:00,18.2,47,6.7,16.7,0,0.0,984.7
2024-04-15 23:00:00,16.0,56,7.2,15.1,0,0.0,984.4
2024-04-15 03:00:00,12.7,78,9.0,11.9,0,0.0,982.3
2024-04-15 04:00:00,12.0,78,8.2,11.3,0,0.0,981.1
2024-04-15 05:00:00,12.6,70,7.2,11.8,0,0.0,980.9
2024-04-15 06:00:00,13.5,72,8.6,12.7,0,0.0,980.5
2024-04-15 07:00:00,17.3,59,9.2,16.3,0,0.0,980.1
2024-04-15 08:00:00,22.1,47,10.2,21.1,0,0.1,980.2
2024-04-15 09:00:00,25.1,38,9.8,24.6,0,0.1,979.9
2024-04-15 10:00:00,27.0,33,9.4,27.2,0,0.1,979.4
2024-04-15 11:00:00,27.6,34,10.3,28.6,0,0.1,978.5
2024-04-15 12:00:00,28.2,30,9.0,26.7,0,0.1,977.9
2024-04-15 13:00:00,28.2,29,8.5,25.9,0,0.1,976.8
2024-04-15 14:00:00,27.1,30,8.0,24.5,0,0.1,976.2
2024-04-15 15:00:00,25.7,27,5.3,22.7,0,0.1,975.5
2024-04-15 16:00:00,24.1,27,3.9,20.8,0,0.1,974.9
2024-04-15 17:00:00,22.5,37,7.1,19.8,0,0.1,974.6
2024-04-15 18:00:00,21.5,37,6.2,19.4,0,0.1,974.3
2024-04-15 19:00:00,20.7,37,5.5,18.6,0,0.1,973.8
2024-04-15 20:00:00,20.1,41,6.4,17.9,0,0.1,973.9
2024-04-15 21:00:00,18.4,48,7.2,16.6,0,0.1,973.5
2024-04-15 22:00:00,16.3,60,8.5,14.5,0,0.1,972.8
2024-04-15 23:00:00,15.7,62,8.4,13.9,0,0.1,972.8
2024-04-16 01:00:00,12.6,81,9.4,10.5,0,0.1,973.3
2024-04-16 02:00:00,13.1,80,9.7,11.9,0,0.1,973.0
2024-04-16 03:00:00,12.7,81,9.5,11.6,0,0.1,972.9
2024-04-16 04:00:00,12.9,80,9.5,12.1,17,0.1,972.0
2024-04-16 05:00:00,13.3,81,10.1,12.2,35,0.1,971.8
2024-04-16 06:00:00,13.1,85,10.6,11.8,52,0.1,971.3
2024-04-16 07:00:00,12.7,85,10.2,11.1,68,0.1,971.7
2024-04-16 08:00:00,8.3,81,5.2,5.6,75,0.1,974.9
2024-04-16 09:00:00,7.5,84,5.0,4.5,100,0.1,975.5
2024-04-16 10:00:00,7.7,79,4.3,4.5,100,0.1,976.0
2024-04-16 11:00:00,6.7,81,3.6,3.5,100,0.1,976.2
2024-04-16 12:00:00,4.9,82,2.1,1.6,100,0.1,976.8
2024-04-16 13:00:00,3.9,85,1.6,1.2,100,0.1,977.1
2024-04-16 14:00:00,3.1,88,1.3,0.5,100,1.0,977.5
2024-04-16 15:00:00,4.1,84,1.6,1.4,100,1.8,977.4
2024-04-16 16:00:00,5.1,80,1.9,2.6,99,0.5,977.4
2024-04-16 17:00:00,3.4,88,1.6,0.1,98,0.1,977.8
2024-04-16 18:00:00,3.5,85,1.2,0.4,97,0.0,977.7
2024-04-16 19:00:00,4.1,83,1.5,1.3,77,0.0,977.9
2024-04-16 20:00:00,4.1,84,1.7,1.6,68,0.2,977.5
2024-04-16 21:00:00,4.2,84,1.8,2.0,58,0.0,977.1
2024-04-16 22:00:00,4.6,82,1.8,2.5,44,0.0,976.3
2024-04-16 23:00:00,4.6,86,2.5,2.6,30,0.0,975.9
2024-04-17 01:00:00,4.1,87,2.1,1.6,0,0.0,974.6
2024-04-17 02:00:00,2.9,94,2.0,0.5,0,0.0,974.6
2024-04-17 03:00:00,2.5,95,1.7,0.2,0,0.0,974.1
2024-04-17 04:00:00,2.3,97,1.8,0.0,0,0.0,973.9
2024-04-17 05:00:00,1.9,97,1.5,-0.4,0,0.0,974.2
2024-04-17 06:00:00,3.6,88,1.8,1.2,0,0.0,974.4
2024-04-17 07:00:00,6.7,76,2.7,4.9,0,0.0,974.3
2024-04-17 08:00:00,7.8,75,3.7,5.6,2,0.0,975.0
2024-04-17 09:00:00,10.6,60,3.1,9.0,3,0.0,974.9
2024-04-17 10:00:00,11.6,50,1.5,9.1,25,0.0,974.3
2024-04-17 11:00:00,12.0,55,3.2,10.1,46,0.0,973.8
2024-04-17 12:00:00,12.9,47,1.8,10.5,84,0.0,973.4
2024-04-17 13:00:00,13.5,44,1.4,10.8,88,0.0,973.2
2024-04-17 14:00:00,13.0,50,2.8,9.4,93,0.0,972.9
2024-04-17 15:00:00,11.7,56,3.2,9.6,97,0.0,973.0
2024-04-17 16:00:00,9.6,70,4.4,7.0,96,0.0,973.9
2024-04-17 17:00:00,10.0,81,6.9,8.0,95,0.0,974.8
2024-04-17 18:00:00,9.6,80,6.3,8.5,94,0.0,975.5
2024-04-17 19:00:00,8.6,67,2.8,6.6,95,0.0,976.2
2024-04-17 20:00:00,8.5,78,4.8,6.3,89,0.0,976.6
2024-04-17 21:00:00,8.3,71,3.3,6.0,84,0.0,976.9
2024-04-17 23:00:00,7.7,69,2.3,5.0,28,0.0,977.2
2024-04-18 01:00:00,7.1,73,2.6,4.7,0,0.0,977.4
2024-04-18 02:00:00,6.3,79,2.9,3.9,0,0.0,977.3
2024-04-18 03:00:00,5.5,84,3.0,3.5,0,0.0,977.9
2024-04-18 04:00:00,5.3,85,2.9,3.2,0,0.0,977.9
2024-04-18 05:00:00,5.7,85,3.4,3.3,0,0.0,978.1
2024-04-18 07:00:00,8.0,75,3.8,6.2,16,0.0,978.8
2024-04-18 08:00:00,8.9,70,3.7,7.2,26,0.0,979.4
2024-04-18 09:00:00,10.1,63,3.4,7.9,39,0.0,979.5
2024-04-18 10:00:00,10.7,57,2.5,7.8,56,0.0,979.7
2024-04-18 11:00:00,11.2,53,1.9,8.7,73,0.0,979.7
2024-04-18 12:00:00,8.1,69,2.8,5.3,90,0.0,980.3
2024-04-18 13:00:00,9.2,66,3.2,6.2,92,0.0,980.4
2024-04-18 14:00:00,10.1,56,1.7,7.7,95,0.0,980.5
2024-04-18 15:00:00,10.9,54,2.0,9.0,97,0.0,980.4
2024-04-18 16:00:00,10.5,55,1.8,7.3,89,0.0,981.2
2024-04-18 17:00:00,10.2,58,2.3,7.7,82,0.0,981.7
2024-04-18 18:00:00,9.2,66,3.1,6.7,74,0.0,982.3
2024-04-18 19:00:00,7.8,74,3.5,5.5,59,0.0,983.0
2024-04-18 20:00:00,7.2,82,4.3,5.4,35,0.0,983.7
2024-04-18 21:00:00,7.1,79,3.7,4.8,10,0.0,984.4
2024-04-18 22:00:00,6.5,80,3.3,4.1,7,0.0,984.7
2024-04-18 23:00:00,5.2,89,3.5,3.1,3,0.0,985.1
2024-04-19 01:00:00,3.8,80,0.6,1.0,0,0.0,984.8
2024-04-19 02:00:00,2.7,85,0.4,-0.0,0,0.0,985.5
2024-04-19 03:00:00,2.6,84,0.1,-0.2,0,0.0,985.7
2024-04-19 04:00:00,2.1,88,0.3,-0.7,0,0.0,985.8
2024-04-19 05:00:00,2.3,87,0.3,-0.4,0,0.0,985.7
2024-04-19 06:00:00,4.5,80,1.3,2.5,0,0.0,985.6
2024-04-19 07:00:00,6.8,70,1.7,4.6,0,0.0,985.7
2024-04-19 08:00:00,9.0,56,0.7,6.2,0,0.0,985.2
2024-04-19 09:00:00,10.4,50,0.4,8.5,0,0.0,985.0
2024-04-19 10:00:00,11.4,48,0.7,9.5,0,0.0,984.2
2024-04-19 11:00:00,12.0,49,1.6,10.4,0,0.0,983.6
2024-04-19 12:00:00,12.4,47,1.4,10.0,3,0.0,982.7
2024-04-19 13:00:00,12.0,47,1.0,8.5,2,0.0,981.6
2024-04-19 14:00:00,13.3,37,-1.1,9.8,1,0.0,980.2
2024-04-19 15:00:00,13.1,37,-1.3,8.6,0,0.0,979.3
2024-04-19 16:00:00,12.8,39,-0.9,8.9,0,0.0,979.0
2024-04-19 17:00:00,11.8,45,0.3,7.5,0,0.0,978.2
2024-04-19 18:00:00,10.5,48,-0.0,6.7,0,0.0,977.7
2024-04-19 19:00:00,9.5,50,-0.4,6.5,0,0.0,977.8
2024-04-19 21:00:00,8.7,47,-2.0,5.7,0,0.0,977.5
2024-04-19 22:00:00,7.4,56,-0.8,4.7,0,0.0,977.2
2024-04-19 23:00:00,6.3,67,0.6,4.1,0,0.0,976.5
2024-04-20 01:00:00,4.8,82,2.0,2.9,0,0.0,976.3
2024-04-20 02:00:00,6.7,58,-1.0,3.5,0,0.0,976.2
2024-04-20 03:00:00,6.8,60,-0.5,3.6,0,0.0,976.7
2024-04-20 04:00:00,5.4,70,0.3,2.6,1,0.0,977.3
2024-04-20 05:00:00,4.9,79,1.6,2.3,2,0.0,977.7
2024-04-20 06:00:00,7.1,78,3.5,5.0,3,0.0,978.2
2024-04-20 07:00:00,9.7,56,1.4,7.0,4,0.0,979.0
2024-04-20 08:00:00,11.0,54,2.1,8.3,5,0.0,979.2
2024-04-20 09:00:00,12.3,45,0.7,9.2,0,0.0,979.9
2024-04-20 10:00:00,13.0,37,-1.3,10.0,28,0.0,979.9
2024-04-20 11:00:00,13.9,40,0.5,12.1,56,0.0,979.6
2024-04-20 12:00:00,11.3,51,1.5,6.6,84,0.0,980.4
2024-04-20 13:00:00,12.6,40,-0.7,9.6,90,0.0,980.2
2024-04-20 14:00:00,13.0,48,2.3,9.3,94,0.0,980.0
2024-04-20 15:00:00,12.4,41,-0.5,7.8,97,0.0,980.5
2024-04-20 16:00:00,11.8,40,-1.4,7.1,95,0.0,981.0
2024-04-20 17:00:00,11.1,41,-1.7,6.6,92,0.0,982.0
2024-04-20 18:00:00,9.5,45,-1.9,5.3,90,0.0,982.8
2024-04-20 19:00:00,8.2,53,-0.9,5.2,62,0.0,983.6
2024-04-20 20:00:00,7.6,56,-0.7,4.7,39,0.0,984.5
2024-04-20 21:00:00,6.6,61,-0.4,3.7,10,0.0,984.8
2024-04-20 22:00:00,5.9,66,-0.0,3.3,7,0.0,985.1
2024-04-20 23:00:00,5.7,60,-1.5,2.5,3,0.0,985.3
2024-04-21 01:00:00,3.8,68,-1.6,0.9,0,0.0,984.9
2024-04-21 02:00:00,3.0,73,-1.4,0.1,0,0.0,984.9
2024-04-21 03:00:00,2.5,76,-1.3,-0.2,0,0.0,985.1
2024-04-21 04:00:00,2.0,79,-1.3,-0.5,0,0.0,985.1
2024-04-21 05:00:00,1.4,83,-1.2,-1.3,0,0.0,985.0
2024-04-21 06:00:00,4.1,77,0.4,1.7,0,0.0,984.8
2024-04-21 07:00:00,6.6,56,-1.6,3.6,0,0.0,984.6
2024-04-21 08:00:00,8.2,55,-0.3,5.3,0,0.0,984.8
2024-04-21 09:00:00,9.8,42,-2.5,6.6,0,0.0,984.5
2024-04-21 10:00:00,10.5,40,-2.5,7.7,0,0.0,984.1
2024-04-21 11:00:00,11.5,37,-2.7,8.6,0,0.0,983.0
2024-04-21 12:00:00,12.2,34,-3.2,9.2,0,0.0,982.8
2024-04-21 13:00:00,12.6,32,-3.7,10.0,4,0.0,982.6
2024-04-21 14:00:00,12.4,34,-3.1,8.6,19,0.0,982.2
2024-04-21 15:00:00,11.7,38,-2.2,7.9,23,0.0,982.4
2024-04-21 16:00:00,10.9,40,-2.2,6.5,26,0.0,983.1
2024-04-21 17:00:00,10.4,39,-3.0,6.7,29,0.0,983.7
2024-04-21 18:00:00,9.0,47,-1.7,6.0,32,0.0,984.4
2024-04-21 19:00:00,8.1,50,-1.7,5.5,21,0.0,985.0
2024-04-21 20:00:00,7.4,51,-2.1,4.4,2,0.0,985.6
2024-04-22 08:00:00,7.5,56,-0.7,4.5,0,0.1,987.6
2024-04-22 09:00:00,8.7,47,-2.0,5.1,0,0.1,987.9
2024-04-29 12:00:00,24.2,40,9.8,24.5,0,0.0,991.3
2024-04-29 14:00:00,24.7,44,11.6,24.8,0,0.0,990.6
2024-04-29 15:00:00,24.5,37,8.8,22.6,0,0.0,990.6
2024-04-29 16:00:00,23.7,42,10.0,22.3,1,0.0,990.3
2024-04-29 17:00:00,22.7,42,9.1,21.6,2,0.0,990.8
2024-04-29 18:00:00,20.5,55,11.2,20.6,3,0.0,990.6
2024-04-29 19:00:00,16.7,61,9.1,16.0,2,0.0,991.0
2024-04-29 20:00:00,15.4,58,7.1,14.1,1,0.0,991.0
2024-04-29 21:00:00,14.2,61,6.8,12.9,0,0.0,991.1
2024-04-29 22:00:00,15.2,53,5.7,13.7,0,0.0,991.2
2024-04-29 23:00:00,14.4,68,8.6,13.4,0,0.0,991.4
2024-04-30 01:00:00,12.3,83,9.5,11.6,0,0.0,992.0
2024-04-30 02:00:00,11.8,85,9.3,10.9,0,0.0,992.0
2024-04-30 03:00:00,11.3,88,9.3,10.3,0,0.0,991.9
2024-04-30 04:00:00,10.4,89,8.7,9.4,0,0.0,991.8
2024-04-30 06:00:00,13.7,87,11.6,13.9,0,0.0,992.0
2024-04-30 07:00:00,16.7,67,10.5,16.0,0,0.0,992.1
2024-04-30 08:00:00,18.3,55,9.1,17.1,0,0.0,992.9
2024-04-30 09:00:00,19.5,50,8.8,19.0,0,0.0,993.0
2024-04-30 10:00:00,20.7,50,9.9,21.0,0,0.0,992.5
2024-04-30 11:00:00,22.6,37,7.1,22.2,0,0.0,991.3
2024-04-30 12:00:00,23.7,37,8.1,22.9,0,0.0,990.2
2024-04-30 13:00:00,24.0,34,7.2,22.4,0,0.0,989.4
2024-04-30 14:00:00,24.0,34,7.2,21.9,0,0.0,988.9
2024-04-30 15:00:00,23.6,38,8.4,21.2,0,0.0,988.3
2024-05-02 10:00:00,19.9,54,10.3,18.4,47,0.0,977.0
2024-05-13 09:00:00,16.9,80,13.4,16.8,23,0.0,987.4
2024-05-13 10:00:00,18.3,68,12.3,18.2,48,0.0,987.1
2024-05-13 14:00:00,16.6,74,12.0,16.1,98,0.0,985.3
2024-05-13 15:00:00,15.9,78,12.1,15.4,97,0.3,985.2
2024-05-13 16:00:00,14.9,84,12.2,15.0,98,1.0,985.0
2024-05-13 17:00:00,13.5,84,10.8,13.2,99,0.2,984.9
2024-05-13 18:00:00,12.9,87,10.8,12.3,100,3.2,984.9
2024-05-13 19:00:00,12.6,91,11.1,12.1,94,3.2,985.0
2024-05-13 20:00:00,12.6,93,11.5,12.6,69,0.4,984.9
2024-05-13 21:00:00,12.5,94,11.5,12.4,55,0.0,984.6
2024-05-13 22:00:00,12.4,94,11.5,12.4,62,0.0,984.4
2024-05-13 23:00:00,12.9,97,12.4,12.8,70,0.2,984.3
2024-05-14 01:00:00,12.9,94,11.9,12.4,77,0.7,983.9
2024-05-14 02:00:00,12.7,92,11.4,12.3,77,0.1,983.4
2024-05-14 03:00:00,12.6,92,11.3,12.1,77,0.0,983.4
2024-05-14 04:00:00,12.7,91,11.2,12.2,81,0.0,983.4
2024-05-14 05:00:00,12.7,92,11.4,11.8,86,0.0,983.3
2024-05-14 06:00:00,13.0,91,11.5,12.2,90,0.0,983.5
2024-05-14 07:00:00,13.8,86,11.5,12.9,88,0.0,983.8
2024-05-14 08:00:00,14.4,78,10.6,12.7,83,0.0,984.0
2024-05-14 09:00:00,15.1,74,10.5,13.5,84,0.0,984.2
2024-05-14 10:00:00,16.0,68,10.1,14.5,68,0.0,983.9
2024-05-14 11:00:00,16.7,62,9.4,15.0,51,0.0,983.6
2024-05-14 12:00:00,17.1,62,9.8,15.6,35,0.0,983.2
2024-05-14 13:00:00,17.4,59,9.3,15.8,29,0.0,983.0
2024-05-14 14:00:00,17.8,58,9.4,16.3,36,0.0,983.2
2024-05-14 15:00:00,18.1,54,8.6,16.2,42,0.0,982.7
2024-05-14 16:00:00,17.2,63,10.1,16.3,32,0.0,982.5
2024-05-14 17:00:00,17.7,56,8.8,16.8,23,0.0,982.6
2024-05-14 18:00:00,16.9,62,9.5,16.4,13,0.0,982.5
2024-05-14 19:00:00,13.8,80,10.4,13.7,9,0.0,982.8
2024-05-14 20:00:00,12.7,80,9.4,12.0,4,0.0,983.2
2024-05-14 21:00:00,11.6,83,8.8,10.7,0,0.0,982.9
2024-05-14 22:00:00,10.9,84,8.3,10.1,0,0.0,983.0
2024-05-14 23:00:00,10.2,87,8.1,9.3,0,0.0,983.2
2024-05-15 01:00:00,9.8,89,8.0,9.0,0,0.0,983.0
2024-05-15 02:00:00,9.6,91,8.2,9.1,0,0.0,982.8
2024-05-15 03:00:00,9.6,90,8.0,8.9,0,0.0,982.7
2024-05-15 04:00:00,9.8,87,7.8,9.0,0,0.0,982.7
2024-05-15 05:00:00,9.3,92,8.0,8.4,0,0.0,982.5
2024-05-15 06:00:00,12.7,79,9.1,12.0,0,0.0,982.6
2024-05-15 07:00:00,14.8,73,10.0,14.1,0,0.0,982.8
2024-05-15 08:00:00,16.3,70,10.8,16.1,2,0.0,983.2
2024-05-15 09:00:00,17.7,60,9.8,16.8,3,0.0,983.2
2024-05-15 10:00:00,18.0,57,9.4,16.4,14,0.0,983.1
2024-05-15 11:00:00,18.4,56,9.4,16.5,24,0.0,983.0
2024-05-15 12:00:00,19.5,51,9.1,18.1,35,0.0,982.7
2024-05-15 13:00:00,20.1,49,9.1,18.3,53,0.0,982.2
2024-05-15 14:00:00,20.0,48,8.7,17.7,72,0.0,981.8
2024-05-15 15:00:00,19.9,51,9.5,18.1,77,0.0,981.5
2024-05-15 16:00:00,19.4,52,9.3,17.6,84,0.0,981.2
2024-05-15 17:00:00,19.0,57,10.3,17.8,90,0.0,981.5
2024-05-15 18:00:00,18.0,64,11.1,17.3,97,0.0,981.5
2024-05-15 19:00:00,16.6,72,11.5,16.1,69,0.2,981.9
2024-05-15 20:00:00,16.9,70,11.4,17.1,50,0.2,982.2
2024-05-15 21:00:00,15.6,82,12.5,15.9,32,1.0,982.6
2024-05-15 22:00:00,15.0,86,12.7,15.6,27,0.6,982.5
2024-05-15 23:00:00,14.8,89,13.0,15.0,21,0.1,982.6
2024-05-16 01:00:00,14.1,90,12.5,14.2,15,0.0,982.1
2024-05-16 02:00:00,13.9,85,11.4,13.6,14,0.0,982.2
2024-05-16 03:00:00,13.5,85,11.0,12.9,13,0.0,982.2
2024-05-16 04:00:00,13.1,85,10.6,12.5,0,0.3,982.3
2024-05-16 06:00:00,12.9,83,10.0,11.8,0,0.0,982.6
2024-05-16 07:00:00,12.9,83,10.1,12.1,5,0.1,982.6
2024-05-16 08:00:00,13.5,82,10.5,12.9,2,0.1,982.6
2024-05-16 09:00:00,13.5,84,10.9,13.0,3,0.5,982.4
2024-05-16 10:00:00,13.8,83,10.9,13.2,12,0.0,982.4
2024-05-16 11:00:00,14.3,80,10.9,13.7,20,0.0,982.2
2024-05-16 12:00:00,14.8,80,11.3,14.6,0,0.0,981.7
2024-05-16 13:00:00,15.5,78,11.6,15.2,13,0.0,980.8
2024-05-16 14:00:00,15.5,78,11.6,14.9,26,0.0,980.8
2024-05-16 15:00:00,15.6,79,11.9,15.1,39,0.0,980.2
2024-05-16 16:00:00,15.2,81,11.9,14.4,58,0.0,979.7
2024-05-16 17:00:00,14.9,81,11.6,13.9,78,0.0,979.0
2024-05-16 18:00:00,14.0,90,12.4,13.1,97,6.0,978.7
2024-05-16 19:00:00,14.5,86,12.2,13.8,98,1.8,977.8
2024-05-16 20:00:00,14.7,88,12.7,14.6,99,0.1,977.8
2024-05-16 21:00:00,14.0,92,12.7,14.1,100,6.3,977.9
2024-05-16 22:00:00,13.9,92,12.6,13.9,100,1.7,977.7
2024-05-16 23:00:00,13.6,94,12.6,13.4,100,2.8,977.2
2024-05-17 01:00:00,13.4,93,12.3,14.0,96,3.3,977.0
2024-05-17 02:00:00,13.3,92,12.0,13.5,91,0.0,976.0
2024-05-17 03:00:00,13.2,93,12.1,13.7,87,0.0,976.0
2024-05-17 04:00:00,13.1,94,12.1,13.3,75,0.0,976.3
2024-05-17 05:00:00,13.0,92,11.7,12.1,64,0.0,976.9
2024-05-17 06:00:00,14.0,88,12.1,13.3,52,0.0,977.2
2024-05-17 07:00:00,16.9,74,12.2,16.2,37,0.0,977.2
2024-05-17 08:00:00,18.7,60,10.8,17.3,12,0.0,977.7
2024-05-17 09:00:00,20.0,53,10.1,18.7,6,0.0,977.8
2024-05-17 10:00:00,20.7,48,9.3,19.2,4,0.0,978.1
2024-05-17 11:00:00,19.6,54,10.0,18.6,2,0.0,978.2
2024-05-17 12:00:00,20.0,50,9.2,18.2,0,0.0,978.3
2024-05-17 13:00:00,20.8,45,8.4,18.1,0,0.0,978.3
2024-05-17 14:00:00,21.8,38,6.9,19.1,0,0.0,978.2
2024-05-17 15:00:00,21.5,40,7.3,18.9,0,0.0,978.3
2024-05-17 16:00:00,20.7,42,7.3,18.0,0,0.0,978.3
2024-05-17 17:00:00,19.9,43,6.9,17.8,0,0.0,979.1
2024-05-17 18:00:00,18.7,48,7.4,17.7,0,0.0,979.6
2024-05-17 19:00:00,16.9,61,9.3,16.6,0,0.0,980.3
2024-05-17 20:00:00,14.5,76,10.3,13.1,0,0.0,981.9
2024-05-17 22:00:00,12.4,88,10.5,12.0,0,0.0,983.0
2024-05-17 23:00:00,11.8,90,10.2,11.7,0,0.0,983.4
2024-05-18 01:00:00,11.6,90,10.0,11.5,0,0.0,983.0
2024-05-18 02:00:00,11.1,91,9.7,10.9,0,0.0,982.8
2024-05-18 03:00:00,10.7,93,9.6,10.5,0,0.0,983.0
2024-05-18 04:00:00,10.5,96,9.9,10.2,0,0.0,983.2
2024-05-18 05:00:00,10.1,100,10.1,9.8,0,0.0,983.5
2024-05-18 06:00:00,11.6,95,10.8,11.5,0,0.0,983.7
2024-05-18 07:00:00,13.4,86,11.1,13.2,0,0.0,984.0
2024-05-18 08:00:00,16.8,74,12.2,17.1,0,0.0,983.8
2024-05-18 09:00:00,18.9,68,12.9,20.1,0,0.0,983.6
2024-05-18 10:00:00,21.4,58,12.8,22.7,3,0.0,983.2
2024-05-18 11:00:00,22.7,48,11.1,23.3,7,0.0,982.9
2024-05-18 12:00:00,23.3,42,9.7,22.6,10,0.0,982.6
2024-05-18 13:00:00,24.6,30,5.8,23.3,9,0.0,981.8
2024-05-18 14:00:00,24.5,32,6.7,22.8,0,0.0,981.4
2024-05-18 15:00:00,24.4,33,7.1,22.3,0,0.0,980.9
2024-05-18 16:00:00,24.0,35,7.6,21.7,0,0.0,980.8
2024-05-18 17:00:00,22.8,38,7.7,21.5,0,0.0,980.7
2024-05-18 18:00:00,21.6,45,9.2,21.3,0,0.0,980.4
2024-05-18 19:00:00,18.8,57,10.1,18.4,0,0.0,980.5
2024-05-18 20:00:00,17.8,55,8.6,16.7,0,0.0,980.7
2024-05-18 21:00:00,16.8,57,8.2,15.8,0,0.0,980.7
2024-05-18 22:00:00,15.3,65,8.7,14.4,0,0.0,980.8
2024-05-18 23:00:00,14.5,69,8.8,13.9,0,0.0,980.9
2024-05-19 02:00:00,11.1,79,7.6,9.9,0,0.0,980.0
2024-05-19 02:00:00,11.1,79,7.6,9.9,0,0.0,980.0
2024-05-19 03:00:00,10.9,78,7.2,9.6,0,0.0,980.0
2024-05-19 04:00:00,11.9,69,6.4,10.5,0,0.0,980.7
2024-05-19 05:00:00,13.1,72,8.1,12.3,0,0.0,980.9
2024-05-19 06:00:00,16.6,62,9.3,15.6,0,0.0,981.2
2024-05-19 07:00:00,18.8,58,10.3,17.9,0,0.0,981.7
2024-05-19 08:00:00,20.4,50,9.6,19.5,0,0.0,982.2
2024-05-19 09:00:00,21.6,49,10.4,22.3,0,0.0,982.3
2024-05-19 10:00:00,22.4,44,9.5,23.1,0,0.0,981.9
2024-05-19 11:00:00,23.7,40,9.3,24.2,0,0.0,981.9
2024-05-19 12:00:00,23.9,42,10.2,23.9,0,0.0,981.4
2024-05-19 13:00:00,24.2,36,8.2,22.3,0,0.0,980.7
2024-05-19 14:00:00,25.2,35,8.6,24.0,0,0.0,979.7
2024-05-19 15:00:00,25.1,37,9.4,23.3,0,0.0,979.2
2024-05-19 16:00:00,24.6,40,10.1,22.7,11,0.0,979.1
2024-05-19 17:00:00,23.6,45,11.0,22.1,21,0.0,978.9
2024-05-19 18:00:00,22.3,58,13.6,22.1,32,0.0,979.2
2024-05-19 19:00:00,20.8,52,10.6,20.5,23,0.0,979.4
2024-05-19 20:00:00,19.5,71,14.1,20.3,21,0.0,979.6
2024-05-19 21:00:00,17.8,78,13.9,18.8,3,0.0,979.6
2024-05-19 22:00:00,16.5,78,12.6,17.0,2,0.0,979.7
2024-05-19 23:00:00,15.4,77,11.4,15.1,1,0.0,980.2
2024-05-20 02:00:00,14.0,90,12.4,13.9,2,0.0,980.4
2024-05-20 03:00:00,13.7,90,12.1,13.6,0,0.0,980.4
2024-05-20 04:00:00,13.4,90,11.8,13.2,0,0.0,980.8
2024-05-20 05:00:00,14.7,88,12.7,15.1,0,0.0,980.9
2024-05-20 06:00:00,17.2,78,13.3,18.1,0,0.0,981.1
2024-05-20 07:00:00,19.1,71,13.7,19.2,0,0.0,981.6
2024-05-20 08:00:00,20.1,65,13.3,19.9,0,0.0,981.7
2024-05-20 09:00:00,21.3,59,13.0,22.0,0,0.0,981.9
2024-05-20 10:00:00,22.4,54,12.7,23.5,1,0.0,981.7
2024-05-20 11:00:00,23.5,49,12.2,24.1,2,0.0,981.6
2024-05-20 12:00:00,24.1,46,11.8,23.7,3,0.0,981.3
2024-05-20 13:00:00,24.8,43,11.4,24.0,8,0.0,980.7
2024-05-20 14:00:00,24.6,42,10.9,23.4,15,0.0,980.5
2024-05-20 15:00:00,24.5,42,10.7,23.0,23,0.0,979.9
2024-05-20 16:00:00,24.1,46,11.7,22.9,36,0.0,979.6
2024-05-20 17:00:00,22.8,53,12.7,21.7,48,0.0,979.7
2024-05-20 18:00:00,21.6,62,14.0,21.4,61,0.0,979.8
2024-05-20 19:00:00,20.3,65,13.5,20.3,64,0.0,979.9
2024-05-20 20:00:00,20.1,61,12.3,20.5,71,0.0,980.0
2024-05-20 21:00:00,18.3,73,13.4,19.2,81,0.0,979.9
2024-05-20 22:00:00,17.1,81,13.8,18.2,79,0.0,979.9
2024-05-20 23:00:00,18.1,80,14.6,19.4,76,0.0,980.3
2024-05-21 02:00:00,16.7,94,15.7,18.0,84,0.0,979.3
2024-05-21 03:00:00,16.5,93,15.4,17.5,87,0.0,978.8
2024-05-21 04:00:00,16.5,94,15.5,17.7,90,0.0,978.4
2024-05-21 05:00:00,16.6,94,15.6,18.1,94,0.0,978.5
2024-05-21 06:00:00,16.7,95,15.9,17.9,97,1.8,978.5
2024-05-21 07:00:00,16.9,94,15.9,18.1,98,2.5,978.2
2024-05-21 08:00:00,18.2,86,15.8,19.0,99,0.0,978.2
2024-05-21 09:00:00,18.0,91,16.5,19.7,100,0.5,978.1
2024-05-21 10:00:00,19.2,85,16.6,20.4,87,0.0,977.6
2024-05-21 11:00:00,19.1,85,16.5,20.5,74,0.0,977.2
2024-05-21 12:00:00,19.4,87,17.1,21.1,61,0.0,976.7
2024-05-21 13:00:00,20.3,84,17.5,22.4,73,0.0,975.6
2024-05-21 14:00:00,18.2,91,16.7,19.8,85,0.1,975.2
2024-05-21 15:00:00,17.5,93,16.3,19.0,97,15.6,974.1
2024-05-21 16:00:00,18.1,94,17.1,19.4,98,4.1,974.6
2024-05-21 17:00:00,18.8,78,14.8,18.9,99,0.0,974.5
2024-05-21 18:00:00,17.9,78,14.0,17.7,100,0.0,974.3
2024-05-21 19:00:00,17.2,77,13.1,16.9,80,0.0,975.0
2024-05-21 20:00:00,16.6,84,13.9,16.6,51,0.0,975.7
2024-05-21 21:00:00,16.2,85,13.6,16.5,26,0.0,975.3
2024-05-21 22:00:00,15.6,89,13.8,16.6,17,0.0,975.7
2024-05-21 23:00:00,15.7,90,14.0,16.6,9,0.0,975.7
2024-05-22 01:00:00,15.2,93,14.0,16.0,2,0.0,976.8
2024-05-22 02:00:00,14.8,95,14.0,15.6,4,0.0,977.5
2024-05-22 03:00:00,14.6,94,13.7,15.3,6,0.0,978.1
2024-05-22 04:00:00,14.6,91,13.2,14.9,19,0.0,978.6
2024-05-22 05:00:00,15.4,89,13.6,16.1,32,0.0,979.1
2024-05-22 06:00:00,16.7,84,13.9,17.7,45,0.0,980.0
2024-05-22 07:00:00,18.2,66,11.7,17.9,45,0.0,980.3
2024-05-22 08:00:00,18.9,62,11.4,18.9,68,0.0,980.8
2024-05-22 09:00:00,19.9,54,10.3,20.0,90,0.0,980.9
2024-05-22 10:00:00,19.7,54,10.1,19.3,90,0.0,981.1
2024-05-22 11:00:00,20.8,53,10.8,19.8,90,0.0,981.0
2024-05-22 12:00:00,18.6,66,12.1,18.6,52,0.7,981.0
2024-05-22 13:00:00,16.9,73,12.0,15.4,62,0.0,981.1
2024-05-22 14:00:00,17.1,70,11.6,16.5,71,0.3,981.1
2024-05-22 15:00:00,18.6,69,12.8,19.2,81,0.0,981.0
2024-05-22 16:00:00,16.9,77,12.9,16.7,81,0.0,981.2
2024-05-22 17:00:00,17.5,77,13.4,17.9,81,0.0,981.5
2024-05-22 18:00:00,17.2,79,13.5,17.7,81,0.0,981.7
2024-05-22 19:00:00,16.8,85,14.3,17.9,59,0.0,982.3
2024-05-22 20:00:00,15.4,88,13.4,16.2,51,0.4,982.5
2024-05-22 21:00:00,15.1,84,12.4,15.7,42,0.0,983.0
2024-05-22 22:00:00,14.8,84,12.1,14.7,30,0.0,983.1
2024-05-22 23:00:00,14.8,82,11.8,14.6,18,0.1,983.1
2024-05-23 01:00:00,14.6,85,12.1,14.7,4,0.0,982.9
2024-05-23 02:00:00,14.9,84,12.2,15.4,2,0.0,983.6
2024-05-23 03:00:00,14.5,87,12.3,14.9,0,0.0,984.0
2024-05-23 04:00:00,13.7,96,13.0,14.5,6,0.0,984.5
2024-05-23 05:00:00,14.2,87,12.0,14.6,13,0.0,984.6
2024-05-23 06:00:00,15.2,86,12.9,15.9,19,0.0,984.8
2024-05-23 07:00:00,17.1,78,13.2,17.6,42,0.0,985.1
2024-05-23 08:00:00,16.0,78,12.2,16.2,55,0.1,985.5
2024-05-23 09:00:00,17.4,68,11.4,17.7,74,0.0,985.9
2024-05-23 10:00:00,19.2,65,12.5,19.5,82,0.0,985.7
2024-05-23 11:00:00,20.5,60,12.5,20.7,89,0.0,985.5
2024-05-23 12:00:00,19.5,75,14.9,19.9,100,0.0,985.4
2024-05-23 13:00:00,20.7,58,12.1,20.4,99,0.0,984.9
2024-05-23 14:00:00,22.2,47,10.4,21.0,98,0.0,984.5
2024-05-23 15:00:00,21.8,50,10.9,20.4,97,0.0,984.4
2024-05-23 16:00:00,20.9,50,10.1,19.7,95,0.0,984.3
2024-05-23 17:00:00,18.8,65,12.0,19.0,92,0.0,984.3
2024-05-23 18:00:00,18.5,69,12.7,18.9,90,0.0,984.2
2024-05-23 19:00:00,17.5,80,14.0,18.4,69,0.0,984.8
2024-05-27 09:00:00,21.4,60,13.3,22.4,3,0.0,989.5
2024-05-27 10:00:00,22.6,53,12.5,23.6,13,0.0,989.1
2024-05-27 11:00:00,23.8,47,11.8,24.8,22,0.0,988.8
2024-05-27 12:00:00,24.4,41,10.3,25.3,32,0.0,988.5
2024-05-27 13:00:00,25.0,36,8.9,24.7,31,0.0,987.6
2024-05-27 14:00:00,23.5,46,11.2,22.8,30,0.0,986.9
2024-05-27 15:00:00,23.9,44,10.9,23.6,16,0.0,986.3
2024-05-27 16:00:00,23.7,41,9.6,22.8,19,0.0,986.2
2024-05-27 17:00:00,23.2,44,10.2,22.6,23,0.0,985.8
2024-05-27 18:00:00,22.2,52,11.9,22.4,26,0.0,985.9
2024-05-27 19:00:00,19.1,76,14.7,20.3,21,0.0,986.0
2024-05-27 20:00:00,17.9,70,12.4,18.2,15,0.0,986.2
2024-05-27 21:00:00,16.9,71,11.6,16.9,16,0.0,985.9
2024-05-27 22:00:00,15.8,73,11.0,15.7,13,0.0,985.7
2024-05-27 23:00:00,15.3,79,11.7,15.6,9,0.0,985.6
2024-05-28 01:00:00,13.4,87,11.2,13.4,22,0.0,984.6
2024-05-28 02:00:00,13.3,87,11.2,13.5,13,0.0,984.2
2024-05-28 03:00:00,13.4,82,10.4,13.2,3,0.0,984.2
2024-05-28 04:00:00,13.8,81,10.6,13.7,8,0.0,984.5
2024-05-28 05:00:00,14.6,80,11.2,14.6,14,0.0,984.8
2024-05-28 06:00:00,17.0,74,12.3,17.4,19,0.0,984.7
2024-05-28 07:00:00,19.4,67,13.1,20.1,41,0.0,984.9
2024-05-28 08:00:00,20.6,67,14.3,21.1,62,0.0,985.4
2024-05-28 09:00:00,21.1,64,14.0,21.6,77,0.0,985.5
2024-05-28 10:00:00,21.9,60,13.8,22.2,84,0.0,985.2
2024-05-28 11:00:00,22.9,57,13.9,23.4,90,0.0,984.5
2024-05-28 12:00:00,21.0,57,12.2,19.0,100,0.0,984.5
2024-05-28 13:00:00,20.2,60,12.2,18.8,100,0.0,984.7
2024-05-28 14:00:00,16.8,80,13.3,15.6,100,7.0,985.1
2024-05-28 15:00:00,16.9,79,13.2,16.2,100,0.6,985.8
2024-05-28 16:00:00,16.3,78,12.5,15.5,99,1.2,986.1
2024-05-28 17:00:00,15.6,79,12.0,14.9,98,1.1,986.6
2024-05-28 18:00:00,15.3,79,11.7,14.5,97,0.7,986.7
2024-05-28 19:00:00,15.0,77,11.0,13.5,85,0.4,986.7
2024-05-28 20:00:00,15.1,76,10.9,14.2,68,0.0,987.2
2024-05-28 21:00:00,14.9,75,10.5,14.0,55,0.0,987.2
2024-05-28 22:00:00,14.9,76,10.7,14.4,64,0.0,987.5
2024-05-28 23:00:00,14.6,76,10.4,14.0,72,0.0,987.4
2024-05-29 02:00:00,13.8,83,11.0,13.6,23,0.1,986.8
2024-05-29 02:00:00,13.8,83,11.0,13.6,23,0.1,986.8
2024-05-29 03:00:00,13.2,88,11.2,13.0,23,0.1,986.6
2024-05-29 04:00:00,13.1,88,11.1,13.0,15,0.0,986.7
2024-05-29 05:00:00,13.9,90,12.3,14.2,8,0.0,986.2
2024-05-29 06:00:00,15.0,84,12.3,15.6,0,0.0,986.4
2024-05-29 07:00:00,15.8,82,12.7,16.4,0,0.0,986.4
2024-05-29 08:00:00,17.8,69,12.1,18.3,0,0.0,986.0
2024-05-29 09:00:00,19.2,55,10.0,19.1,0,0.0,985.6
2024-05-29 10:00:00,20.0,52,9.9,20.7,2,0.0,985.4
2024-05-29 11:00:00,21.2,44,8.4,22.5,4,0.0,985.0
2024-05-29 12:00:00,21.3,47,9.5,20.8,3,0.0,983.9
2024-05-29 13:00:00,21.0,54,11.3,20.5,3,0.0,983.2
2024-05-29 14:00:00,22.3,48,10.7,21.5,3,0.0,982.3
2024-05-29 15:00:00,21.9,50,11.0,21.0,3,0.0,981.6
2024-05-29 16:00:00,21.9,50,11.0,20.9,2,0.0,980.9
2024-05-29 17:00:00,21.5,55,12.0,20.7,1,0.0,980.6
2024-05-29 18:00:00,20.5,60,12.5,20.4,0,0.0,980.7
2024-05-29 19:00:00,18.9,69,13.1,19.6,2,0.0,981.1
2024-05-29 20:00:00,17.9,72,12.8,18.7,4,0.0,981.0
2024-05-29 21:00:00,16.2,76,12.0,16.6,0,0.0,980.7
2024-05-29 22:00:00,14.4,81,11.2,14.4,0,0.0,980.4
2024-05-29 23:00:00,13.9,87,11.8,14.3,0,0.0,980.2
2024-05-30 01:00:00,12.8,89,11.0,12.6,1,0.0,979.6
2024-05-30 02:00:00,12.9,89,11.1,12.7,2,0.0,979.1
2024-05-30 03:00:00,12.8,89,11.0,12.6,3,0.0,978.7
2024-05-30 05:00:00,13.7,87,11.6,14.2,1,0.0,978.2
2024-05-30 06:00:00,15.6,79,12.0,15.8,0,0.0,978.0
2024-05-30 07:00:00,17.7,69,11.9,17.7,0,0.0,977.6
2024-05-30 08:00:00,19.8,60,11.8,19.5,0,0.0,977.3
2024-05-30 09:00:00,21.8,63,14.5,22.8,3,0.0,977.2
2024-05-30 10:00:00,23.0,53,12.9,22.3,10,0.0,977.0
2024-05-30 11:00:00,24.4,44,11.3,23.7,16,0.0,976.0
2024-05-30 12:00:00,25.4,40,10.8,24.9,10,0.0,975.1
2024-05-30 13:00:00,25.8,35,9.2,24.3,15,0.0,974.5
2024-05-30 14:00:00,21.2,65,14.4,20.8,21,0.0,975.5
2024-05-30 15:00:00,20.1,70,14.5,20.6,26,0.1,975.3
2024-05-30 16:00:00,20.3,71,14.8,21.4,30,0.0,975.2
2024-05-30 17:00:00,19.3,73,14.4,20.1,35,0.0,975.0
2024-05-30 18:00:00,18.4,79,14.7,19.1,39,0.0,975.2
2024-05-30 19:00:00,17.4,77,13.3,17.9,30,0.0,975.2
2024-05-30 20:00:00,17.2,79,13.5,18.0,10,0.0,975.2
2024-05-30 21:00:00,16.2,86,13.9,17.3,0,0.0,975.1
2024-05-30 22:00:00,16.0,82,12.9,16.2,2,0.2,975.3
2024-05-30 23:00:00,15.7,83,12.8,16.1,4,0.0,975.1
2024-05-31 01:00:00,14.8,89,13.0,15.4,16,0.0,974.5
2024-05-31 02:00:00,14.6,91,13.2,15.4,23,0.0,974.3
2024-05-31 03:00:00,15.0,90,13.3,15.7,29,0.0,974.4
2024-05-31 04:00:00,14.7,93,13.6,15.4,49,1.3,974.6
2024-05-31 05:00:00,15.0,93,13.9,16.0,70,0.1,974.6
2024-05-31 06:00:00,15.2,92,13.9,16.1,90,1.5,975.0
2024-05-31 07:00:00,15.9,89,14.1,16.6,93,0.7,975.0
2024-05-31 08:00:00,15.4,93,14.2,16.1,97,2.1,975.2
2024-05-31 09:00:00,15.8,91,14.3,15.4,100,3.4,975.0
2024-05-31 10:00:00,15.9,91,14.4,15.7,95,2.6,975.1
2024-05-31 11:00:00,16.4,86,14.1,16.6,89,0.4,975.3
2024-05-31 12:00:00,17.6,80,14.1,18.1,84,0.1,974.9
2024-05-31 13:00:00,19.1,72,13.9,19.7,84,0.0,974.3
2024-05-31 14:00:00,20.0,74,15.2,20.8,87,0.0,974.1
2024-05-31 15:00:00,17.6,88,15.6,17.3,90,5.0,974.1
2024-05-31 16:00:00,17.3,89,15.4,18.2,93,22.7,975.0
2024-05-31 17:00:00,16.5,81,13.2,16.8,97,0.1,975.1
2024-05-31 18:00:00,16.2,87,14.0,16.9,97,1.7,976.4
2024-05-31 19:00:00,15.6,91,14.2,16.9,84,1.9,975.6
2024-05-31 20:00:00,14.3,95,13.5,14.6,71,0.0,976.1
2024-05-31 21:00:00,13.8,95,13.0,14.4,58,0.0,976.1
2024-05-31 22:00:00,13.1,86,10.8,12.9,43,0.0,976.4
2024-05-31 23:00:00,12.9,96,12.2,13.1,28,0.0,976.6
2024-06-01 02:00:00,12.8,76,8.6,12.1,6,0.0,976.9
2024-06-01 02:00:00,12.8,76,8.6,12.1,6,0.0,976.9
2024-06-01 03:00:00,12.7,76,8.5,12.2,6,0.0,977.3
2024-06-01 04:00:00,12.8,76,8.6,12.3,10,0.0,977.8
2024-06-01 05:00:00,12.4,87,10.3,11.9,15,0.1,977.4
2024-06-01 06:00:00,12.9,92,11.6,12.9,19,0.0,978.1
2024-06-01 07:00:00,16.1,77,12.0,16.0,18,0.0,978.5
2024-06-01 08:00:00,18.1,62,10.7,18.2,17,0.0,979.1
2024-06-01 09:00:00,19.1,53,9.3,18.2,39,0.0,979.4
2024-06-01 10:00:00,18.9,56,9.9,17.2,37,0.0,979.8
2024-06-01 11:00:00,17.1,65,10.4,15.0,34,0.3,980.2
2024-06-01 12:00:00,19.5,51,9.1,16.9,55,0.0,979.9
2024-06-01 13:00:00,19.4,50,8.7,16.4,62,0.0,980.1
2024-06-01 14:00:00,18.6,54,9.1,15.8,70,0.0,980.6
2024-06-01 15:00:00,19.0,55,9.7,16.8,77,0.0,981.1
2024-06-01 16:00:00,18.9,54,9.4,17.3,72,0.0,981.4
2024-06-01 17:00:00,17.6,62,10.2,16.9,66,0.0,982.0
2024-06-01 18:00:00,16.6,73,11.7,16.6,61,0.2,982.0
2024-06-01 19:00:00,15.8,81,12.6,16.3,42,0.2,982.4
2024-06-01 20:00:00,14.8,88,12.8,15.2,5,1.2,983.5
2024-06-01 21:00:00,14.4,92,13.1,15.1,0,0.7,983.6
2024-06-01 22:00:00,14.1,92,12.8,14.7,0,0.1,983.6
2024-06-01 23:00:00,14.0,95,13.2,14.7,0,0.2,983.7
2024-06-02 02:00:00,14.3,83,11.4,14.4,2,0.0,983.5
2024-06-02 02:00:00,14.3,83,11.4,14.4,2,0.0,983.5
2024-06-02 03:00:00,14.1,82,11.1,13.8,0,0.0,984.0
2024-06-02 04:00:00,14.1,83,11.2,14.0,0,0.0,984.0
2024-06-02 05:00:00,14.6,87,12.4,15.1,0,0.0,983.9
2024-06-02 06:00:00,15.8,85,13.2,16.3,0,0.0,984.6
2024-06-02 07:00:00,17.7,77,13.6,18.6,0,0.0,985.1
2024-06-02 08:00:00,19.9,68,13.8,20.9,0,0.0,985.5
2024-06-02 09:00:00,21.5,61,13.7,22.9,0,0.0,985.6
2024-06-02 10:00:00,22.3,56,13.1,23.7,16,0.0,985.7
2024-06-02 11:00:00,22.8,49,11.5,22.9,32,0.0,985.7
2024-06-02 12:00:00,20.1,71,14.7,20.7,48,0.0,985.8
2024-06-02 13:00:00,22.5,57,13.6,23.2,59,0.0,985.1
2024-06-02 14:00:00,23.9,45,11.3,23.5,75,0.0,984.4
2024-06-02 15:00:00,23.5,52,13.1,23.4,87,0.0,983.9
2024-06-02 16:00:00,23.4,54,13.5,23.6,75,0.0,983.8
2024-06-02 17:00:00,23.0,52,12.6,23.2,64,0.0,983.6
2024-06-02 18:00:00,21.6,65,14.8,22.7,52,0.0,983.6
2024-06-02 19:00:00,20.3,70,14.6,21.2,42,0.0,984.2
2024-06-02 20:00:00,20.2,67,13.9,20.7,68,0.0,984.3
2024-06-02 21:00:00,18.7,74,13.9,19.1,74,0.1,984.7
2024-06-02 22:00:00,17.5,89,15.6,19.2,74,0.9,984.4
2024-06-02 23:00:00,16.7,93,15.5,18.1,74,0.0,984.1
2024-06-03 02:00:00,15.2,94,14.2,16.2,72,0.1,983.9
2024-06-03 02:00:00,15.2,94,14.2,16.2,72,0.1,983.9
2024-06-03 03:00:00,15.1,92,13.8,15.9,61,0.2,983.3
2024-06-03 04:00:00,15.2,90,13.6,15.9,58,0.0,983.3
2024-06-03 05:00:00,15.6,91,14.1,16.5,55,0.0,983.8
2024-06-03 06:00:00,16.2,86,13.8,16.9,52,0.1,983.9
2024-06-03 07:00:00,16.0,90,14.4,16.8,64,1.6,983.6
2024-06-03 08:00:00,15.8,91,14.3,16.6,85,0.9,983.1
2024-06-03 09:00:00,16.8,86,14.4,17.5,90,0.0,983.0
2024-06-03 10:00:00,18.5,74,13.8,19.2,93,0.0,982.9
2024-06-03 11:00:00,17.5,80,14.0,18.0,97,0.0,983.0
2024-06-03 12:00:00,18.6,76,14.3,18.8,100,0.0,982.4
2024-06-03 13:00:00,20.1,66,13.6,20.2,100,0.0,981.6
2024-06-03 14:00:00,19.3,75,14.7,19.4,100,0.0,981.8
2024-06-03 15:00:00,19.1,76,14.7,19.4,100,0.5,981.5
2024-06-03 16:00:00,18.7,74,14.0,18.9,100,0.0,981.0
2024-06-03 17:00:00,17.7,82,14.6,18.5,100,0.1,981.0
2024-06-03 18:00:00,17.5,80,14.0,17.9,100,0.0,980.9
2024-06-03 19:00:00,17.1,80,13.6,17.7,99,0.0,981.1
2024-06-03 20:00:00,16.4,92,15.1,17.6,100,6.6,981.7
2024-06-03 21:00:00,15.9,87,13.7,15.4,100,6.5,982.2
2024-06-03 22:00:00,15.7,85,13.2,15.0,96,1.7,982.1
2024-06-03 23:00:00,15.8,78,12.0,15.3,91,0.0,982.4
2024-06-04 02:00:00,16.0,74,11.4,15.4,62,0.0,981.8
2024-06-04 02:00:00,16.0,74,11.4,15.4,62,0.0,981.8
2024-06-04 03:00:00,15.8,77,11.8,15.4,52,0.0,982.2
2024-06-04 04:00:00,15.6,80,12.2,15.4,45,0.0,982.5
2024-06-04 05:00:00,16.1,80,12.7,15.9,39,0.2,983.2
2024-06-04 06:00:00,16.8,79,13.1,16.9,35,0.1,983.5
2024-06-04 07:00:00,18.4,69,12.6,18.0,42,0.0,983.4
2024-06-04 08:00:00,20.2,65,13.4,20.5,48,0.0,983.9
2024-06-04 09:00:00,21.1,56,11.9,20.2,55,0.0,984.1
2024-06-04 10:00:00,21.4,56,12.2,21.1,68,0.0,984.0
2024-06-04 11:00:00,21.8,63,14.5,22.0,81,0.0,983.5
2024-06-04 12:00:00,21.8,62,14.2,21.1,94,0.0,983.3
2024-06-04 13:00:00,22.3,59,13.9,22.1,95,0.0,983.0
2024-06-04 14:00:00,22.7,58,14.0,22.1,80,0.0,982.8
2024-06-04 15:00:00,22.5,60,14.3,22.0,77,0.0,982.6
2024-06-04 16:00:00,22.1,59,13.7,21.4,76,0.0,982.4
2024-06-04 17:00:00,21.7,59,13.4,21.3,75,0.0,981.9
2024-06-04 18:00:00,21.1,64,14.0,21.2,74,0.0,982.0
2024-06-04 19:00:00,19.6,72,14.4,20.4,51,0.0,982.0
2024-06-04 20:00:00,17.6,81,14.3,18.5,29,0.0,982.6
2024-06-04 21:00:00,16.3,81,13.0,16.9,0,0.0,982.8
2024-06-04 22:00:00,15.9,89,14.1,16.8,0,0.0,983.0
2024-06-04 23:00:00,14.6,94,13.7,15.6,0,0.0,982.7
2024-06-05 01:00:00,13.3,99,13.1,13.9,0,0.0,982.9
2024-06-05 02:00:00,13.1,99,12.9,13.8,0,0.0,983.1
2024-06-05 03:00:00,13.4,97,12.9,14.0,0,0.0,983.2
2024-06-05 04:00:00,13.7,94,12.7,14.3,0,0.0,983.3
2024-06-05 05:00:00,14.8,88,12.8,15.5,0,0.0,983.3
2024-06-05 06:00:00,16.8,84,14.0,17.6,0,0.0,983.8
2024-06-05 07:00:00,18.6,79,14.9,20.0,0,0.0,984.1
2024-06-05 08:00:00,20.6,69,14.7,21.4,0,0.0,984.5
2024-06-05 09:00:00,22.2,59,13.8,23.5,3,0.0,984.9
2024-06-05 10:00:00,23.2,55,13.6,24.2,15,0.0,984.9
2024-06-05 11:00:00,24.1,55,14.5,26.0,27,0.0,984.7
2024-06-05 12:00:00,24.8,51,14.0,26.2,81,0.0,984.5
2024-06-05 13:00:00,25.7,49,14.2,27.1,65,0.0,984.1
2024-06-05 14:00:00,26.0,43,12.5,26.1,48,0.0,983.9
2024-06-05 15:00:00,23.6,56,14.3,23.7,32,0.0,983.7
2024-06-05 16:00:00,23.6,57,14.6,24.7,28,0.0,983.5
2024-06-05 17:00:00,24.9,56,15.5,25.2,23,0.0,983.2
2024-06-05 18:00:00,23.6,55,14.0,23.7,19,0.0,983.2
2024-06-05 19:00:00,21.3,67,14.9,22.5,14,0.0,983.6
2024-06-05 20:00:00,20.1,73,15.1,21.5,8,0.0,983.7
2024-06-05 21:00:00,17.7,77,13.6,18.5,0,0.0,984.2
2024-06-05 22:00:00,17.0,77,13.0,17.5,0,0.0,984.5
2024-06-05 23:00:00,16.3,80,12.9,16.9,0,0.0,984.9
2024-06-06 01:00:00,15.4,87,13.3,16.0,0,0.0,985.0
2024-06-06 02:00:00,15.0,85,12.5,15.3,0,0.0,985.2
2024-06-06 03:00:00,15.0,85,12.5,15.7,0,0.0,984.9
2024-06-06 04:00:00,15.3,91,13.9,16.2,0,0.0,985.6
2024-06-06 05:00:00,16.6,88,14.6,17.9,0,0.0,986.3
2024-06-06 06:00:00,19.1,78,15.2,20.6,0,0.0,987.3
2024-06-06 07:00:00,22.1,73,17.0,24.4,0,0.0,987.4
2024-06-06 08:00:00,23.8,57,14.7,24.6,0,0.0,987.5
2024-06-06 09:00:00,24.4,57,15.3,26.2,0,0.0,987.6
2024-06-06 10:00:00,25.5,56,16.0,28.3,10,0.0,987.5
2024-06-06 11:00:00,26.5,51,15.5,29.1,19,0.0,987.3
2024-06-06 12:00:00,26.2,49,14.7,27.4,19,0.0,987.0
2024-06-06 13:00:00,26.4,53,16.1,28.2,42,0.0,986.6
2024-06-06 14:00:00,26.9,47,14.7,28.1,64,0.0,986.4
2024-06-06 15:00:00,27.3,49,15.6,28.1,87,0.0,985.7
2024-06-06 16:00:00,27.1,48,15.1,27.4,78,0.0,985.2
2024-06-06 17:00:00,26.6,50,15.3,26.6,70,0.0,984.7
2024-06-06 18:00:00,25.1,60,16.8,26.3,61,0.0,984.6
2024-06-06 19:00:00,23.2,70,17.4,24.9,58,0.0,985.0
2024-06-06 20:00:00,22.1,70,16.4,24.0,29,0.0,985.1
2024-06-06 21:00:00,20.0,79,16.3,21.6,0,0.0,985.4
2024-06-06 22:00:00,18.1,81,14.8,19.0,0,0.0,985.6
2024-06-06 23:00:00,19.0,82,15.8,20.4,0,0.0,985.7
2024-06-07 02:00:00,17.2,91,15.7,18.4,0,0.0,985.8
2024-06-07 02:00:00,17.2,91,15.7,18.4,0,0.0,985.8
2024-06-07 03:00:00,16.6,94,15.6,17.9,0,0.0,986.3
2024-06-07 04:00:00,17.2,90,15.5,18.5,0,0.0,985.9
2024-06-07 05:00:00,18.3,89,16.4,20.1,0,0.0,986.3
2024-06-07 06:00:00,19.9,83,16.9,21.6,0,0.0,986.7
2024-06-07 07:00:00,21.7,77,17.5,23.8,0,0.0,987.6
2024-06-07 08:00:00,23.2,69,17.2,24.9,0,0.0,988.5
2024-06-07 09:00:00,24.5,62,16.7,27.0,0,0.0,988.1
2024-06-07 10:00:00,25.7,58,16.8,28.9,10,0.0,987.9
2024-06-07 11:00:00,27.2,50,15.8,29.9,10,0.0,987.4
2024-06-07 12:00:00,28.1,46,15.4,30.4,10,0.0,986.8
2024-06-07 13:00:00,28.3,47,15.9,29.9,15,0.0,986.1
2024-06-07 14:00:00,27.8,46,15.1,28.5,31,0.0,986.1
2024-06-07 15:00:00,25.5,64,18.2,27.4,42,0.0,986.0
2024-06-07 16:00:00,23.9,63,16.4,24.0,48,0.0,985.8
2024-06-07 17:00:00,21.2,65,14.3,21.4,55,0.1,986.3
2024-06-07 18:00:00,19.9,84,17.1,20.9,61,0.0,986.4
2024-06-07 19:00:00,19.2,82,16.1,20.3,84,0.0,987.2
